SISAIRE;;;;;;;;;;;;;;;;;
SABANA DE INFORMACIÓN DE SISAIRE;;;;;;;;;;;;;;;;;
Fecha de procesamiento :23/05/2026, 11:09:37 AM;;;;;;;;;;;;;;;;;
SECCION CONSULTA DE MEDICIONES;;;;;;;;;;;;;;;;;
REPORTE GENERADO ENTRE 2014-01-01 - 2026-03-31;;;;;;;;;;;;;;;;;
;;;;;;;;;;;;;;;;;
;;;;;;;;;;;;;;;;;
;;;;;;;;;;;;;;;;;
Estacion;Fecha inicial;Fecha final;PM2.5;;;;;;;;;;;;;;
KENNEDY;2026-03-31;;11.53478261;;;;;;;;;;;;;;
KENNEDY;2026-03-30;;11.1125;;;;;;;;;;;;;;
KENNEDY;2026-03-29;;24.90833333;;;;;;;;;;;;;;
KENNEDY;2026-03-28;;25.075;;;;;;;;;;;;;;
KENNEDY;2026-03-27;;34.4375;;;;;;;;;;;;;;
KENNEDY;2026-03-26;;39.325;;;;;;;;;;;;;;
KENNEDY;2026-03-25;;33.51666667;;;;;;;;;;;;;;
KENNEDY;2026-03-24;;26.94583333;;;;;;;;;;;;;;
KENNEDY;2026-03-23;;18.40833333;;;;;;;;;;;;;;
KENNEDY;2026-03-22;;13.69583333;;;;;;;;;;;;;;
KENNEDY;2026-03-21;;24.89583333;;;;;;;;;;;;;;
KENNEDY;2026-03-20;;23.83333333;;;;;;;;;;;;;;
KENNEDY;2026-03-19;;15.65416667;;;;;;;;;;;;;;
KENNEDY;2026-03-18;;21.2375;;;;;;;;;;;;;;
KENNEDY;2026-03-17;;26.07083333;;;;;;;;;;;;;;
KENNEDY;2026-03-16;;23.91666667;;;;;;;;;;;;;;
KENNEDY;2026-03-15;;19.15;;;;;;;;;;;;;;
KENNEDY;2026-03-14;;24.76666667;;;;;;;;;;;;;;
KENNEDY;2026-03-13;;21.19166667;;;;;;;;;;;;;;
KENNEDY;2026-03-12;;19.49583333;;;;;;;;;;;;;;
KENNEDY;2026-03-11;;21.75416667;;;;;;;;;;;;;;
KENNEDY;2026-03-10;;26.95;;;;;;;;;;;;;;
KENNEDY;2026-03-09;;23.36666667;;;;;;;;;;;;;;
KENNEDY;2026-03-08;;24.0;;;;;;;;;;;;;;
KENNEDY;2026-03-07;;23.86666667;;;;;;;;;;;;;;
KENNEDY;2026-03-06;;22.94166667;;;;;;;;;;;;;;
KENNEDY;2026-03-05;;39.84583333;;;;;;;;;;;;;;
KENNEDY;2026-03-04;;39.46363636;;;;;;;;;;;;;;
KENNEDY;2026-03-03;;25.89;;;;;;;;;;;;;;
KENNEDY;2026-03-02;;27.12083333;;;;;;;;;;;;;;
KENNEDY;2026-03-01;;20.125;;;;;;;;;;;;;;
KENNEDY;2026-02-28;;30.86086957;;;;;;;;;;;;;;
KENNEDY;2026-02-27;;26.58333333;;;;;;;;;;;;;;
KENNEDY;2026-02-26;;26.6;;;;;;;;;;;;;;
KENNEDY;2026-02-25;;17.55;;;;;;;;;;;;;;
KENNEDY;2026-02-24;;18.90416667;;;;;;;;;;;;;;
KENNEDY;2026-02-23;;19.74761905;;;;;;;;;;;;;;
KENNEDY;2026-02-22;;15.58333333;;;;;;;;;;;;;;
KENNEDY;2026-02-21;;16.47083333;;;;;;;;;;;;;;
KENNEDY;2026-02-20;;13.53333333;;;;;;;;;;;;;;
KENNEDY;2026-02-19;;11.84210526;;;;;;;;;;;;;;
KENNEDY;2026-02-18;;11.31666667;;;;;;;;;;;;;;
KENNEDY;2026-02-17;;6.68;;;;;;;;;;;;;;
KENNEDY;2026-02-15;;24.5;;;;;;;;;;;;;;
KENNEDY;2026-02-14;;27.18333333;;;;;;;;;;;;;;
KENNEDY;2026-02-13;;20.78333333;;;;;;;;;;;;;;
KENNEDY;2026-02-12;;27.21666667;;;;;;;;;;;;;;
KENNEDY;2026-02-11;;26.77083333;;;;;;;;;;;;;;
KENNEDY;2026-02-10;;30.43333333;;;;;;;;;;;;;;
KENNEDY;2026-02-09;;17.06956522;;;;;;;;;;;;;;
KENNEDY;2026-02-08;;15.66666667;;;;;;;;;;;;;;
KENNEDY;2026-02-07;;24.19166667;;;;;;;;;;;;;;
KENNEDY;2026-02-06;;22.95;;;;;;;;;;;;;;
KENNEDY;2026-02-05;;22.1375;;;;;;;;;;;;;;
KENNEDY;2026-02-04;;16.74583333;;;;;;;;;;;;;;
KENNEDY;2026-02-03;;23.775;;;;;;;;;;;;;;
KENNEDY;2026-01-02;;10.14583333;;;;;;;;;;;;;;
KENNEDY;2026-01-01;;24.71666667;;;;;;;;;;;;;;
KENNEDY;2025-12-31;;7.3173913;;;;;;;;;;;;;;
KENNEDY;2025-12-30;;10.76521739;;;;;;;;;;;;;;
KENNEDY;2025-12-29;;16.39166667;;;;;;;;;;;;;;
KENNEDY;2025-12-28;;11.6875;;;;;;;;;;;;;;
KENNEDY;2025-12-27;;15.8125;;;;;;;;;;;;;;
KENNEDY;2025-12-26;;15.79583333;;;;;;;;;;;;;;
KENNEDY;2025-12-25;;23.325;;;;;;;;;;;;;;
KENNEDY;2025-12-24;;18.9625;;;;;;;;;;;;;;
KENNEDY;2025-12-23;;24.63684211;;;;;;;;;;;;;;
KENNEDY;2025-12-22;;20.1;;;;;;;;;;;;;;
KENNEDY;2025-12-21;;15.54583333;;;;;;;;;;;;;;
KENNEDY;2025-12-20;;21.29583333;;;;;;;;;;;;;;
KENNEDY;2025-12-19;;20.0875;;;;;;;;;;;;;;
KENNEDY;2025-12-18;;33.91666667;;;;;;;;;;;;;;
KENNEDY;2025-12-17;;27.45833333;;;;;;;;;;;;;;
KENNEDY;2025-12-16;;30.8047619;;;;;;;;;;;;;;
KENNEDY;2025-12-15;;27.3125;;;;;;;;;;;;;;
KENNEDY;2025-12-14;;19.6;;;;;;;;;;;;;;
KENNEDY;2025-12-13;;17.42083333;;;;;;;;;;;;;;
KENNEDY;2025-12-12;;16.2;;;;;;;;;;;;;;
KENNEDY;2025-12-11;;14.60416667;;;;;;;;;;;;;;
KENNEDY;2025-12-10;;17.55833333;;;;;;;;;;;;;;
KENNEDY;2025-12-09;;23.13333333;;;;;;;;;;;;;;
KENNEDY;2025-12-08;;38.0875;;;;;;;;;;;;;;
KENNEDY;2025-12-07;;25.59166667;;;;;;;;;;;;;;
KENNEDY;2025-12-06;;24.90416667;;;;;;;;;;;;;;
KENNEDY;2025-12-05;;19.57083333;;;;;;;;;;;;;;
KENNEDY;2025-12-04;;18.34166667;;;;;;;;;;;;;;
KENNEDY;2025-12-03;;12.62916667;;;;;;;;;;;;;;
KENNEDY;2025-12-02;;8.92;;;;;;;;;;;;;;
KENNEDY;2025-12-01;;15.41363636;;;;;;;;;;;;;;
KENNEDY;2025-11-30;;20.97391304;;;;;;;;;;;;;;
KENNEDY;2025-11-29;;21.18333333;;;;;;;;;;;;;;
KENNEDY;2025-11-28;;16.95909091;;;;;;;;;;;;;;
KENNEDY;2025-11-27;;13.18333333;;;;;;;;;;;;;;
KENNEDY;2025-11-26;;11.90833333;;;;;;;;;;;;;;
KENNEDY;2025-11-25;;16.70416667;;;;;;;;;;;;;;
KENNEDY;2025-11-24;;19.01578947;;;;;;;;;;;;;;
KENNEDY;2025-11-23;;13.67083333;;;;;;;;;;;;;;
KENNEDY;2025-11-22;;27.42916667;;;;;;;;;;;;;;
KENNEDY;2025-11-21;;40.47083333;;;;;;;;;;;;;;
KENNEDY;2025-11-20;;27.375;;;;;;;;;;;;;;
KENNEDY;2025-11-19;;17.22083333;;;;;;;;;;;;;;
KENNEDY;2025-11-18;;17.32916667;;;;;;;;;;;;;;
KENNEDY;2025-11-17;;11.95416667;;;;;;;;;;;;;;
KENNEDY;2025-11-16;;13.75;;;;;;;;;;;;;;
KENNEDY;2025-11-15;;32.38636364;;;;;;;;;;;;;;
KENNEDY;2025-10-28;;20.1;;;;;;;;;;;;;;
KENNEDY;2025-10-27;;18.3952381;;;;;;;;;;;;;;
KENNEDY;2025-10-26;;7.72916667;;;;;;;;;;;;;;
KENNEDY;2025-10-25;;15.82916667;;;;;;;;;;;;;;
KENNEDY;2025-10-24;;14.98947368;;;;;;;;;;;;;;
KENNEDY;2025-10-23;;26.1173913;;;;;;;;;;;;;;
KENNEDY;2025-10-22;;19.32083333;;;;;;;;;;;;;;
KENNEDY;2025-10-21;;27.51666667;;;;;;;;;;;;;;
KENNEDY;2025-10-20;;21.13333333;;;;;;;;;;;;;;
KENNEDY;2025-10-19;;12.52916667;;;;;;;;;;;;;;
KENNEDY;2025-10-18;;13.58333333;;;;;;;;;;;;;;
KENNEDY;2025-10-17;;20.52916667;;;;;;;;;;;;;;
KENNEDY;2025-10-16;;20.32857143;;;;;;;;;;;;;;
KENNEDY;2025-10-15;;24.65416667;;;;;;;;;;;;;;
KENNEDY;2025-10-14;;17.16363636;;;;;;;;;;;;;;
KENNEDY;2025-10-13;;10.5875;;;;;;;;;;;;;;
KENNEDY;2025-10-12;;10.6875;;;;;;;;;;;;;;
KENNEDY;2025-10-11;;21.8125;;;;;;;;;;;;;;
KENNEDY;2025-10-10;;14.75416667;;;;;;;;;;;;;;
KENNEDY;2025-10-09;;19.8047619;;;;;;;;;;;;;;
KENNEDY;2025-10-08;;19.95;;;;;;;;;;;;;;
KENNEDY;2025-10-07;;19.28333333;;;;;;;;;;;;;;
KENNEDY;2025-10-06;;22.34166667;;;;;;;;;;;;;;
KENNEDY;2025-10-05;;8.425;;;;;;;;;;;;;;
KENNEDY;2025-10-04;;19.5625;;;;;;;;;;;;;;
KENNEDY;2025-10-03;;12.22916667;;;;;;;;;;;;;;
KENNEDY;2025-10-02;;10.2875;;;;;;;;;;;;;;
KENNEDY;2025-10-01;;9.23684211;;;;;;;;;;;;;;
KENNEDY;2025-09-30;;13.62631579;;;;;;;;;;;;;;
KENNEDY;2025-09-29;;16.65416667;;;;;;;;;;;;;;
KENNEDY;2025-09-28;;13.10833333;;;;;;;;;;;;;;
KENNEDY;2025-09-27;;16.7;;;;;;;;;;;;;;
KENNEDY;2025-09-26;;15.23333333;;;;;;;;;;;;;;
KENNEDY;2025-09-25;;9.64583333;;;;;;;;;;;;;;
KENNEDY;2025-09-24;;11.67083333;;;;;;;;;;;;;;
KENNEDY;2025-09-23;;15.96666667;;;;;;;;;;;;;;
KENNEDY;2025-09-22;;25.49583333;;;;;;;;;;;;;;
KENNEDY;2025-09-21;;10.73478261;;;;;;;;;;;;;;
KENNEDY;2025-09-20;;8.23333333;;;;;;;;;;;;;;
KENNEDY;2025-09-19;;16.19583333;;;;;;;;;;;;;;
KENNEDY;2025-09-18;;18.20416667;;;;;;;;;;;;;;
KENNEDY;2025-09-17;;24.43333333;;;;;;;;;;;;;;
KENNEDY;2025-09-16;;9.37083333;;;;;;;;;;;;;;
KENNEDY;2025-09-15;;9.0375;;;;;;;;;;;;;;
KENNEDY;2025-09-14;;12.80833333;;;;;;;;;;;;;;
KENNEDY;2025-09-13;;13.8;;;;;;;;;;;;;;
KENNEDY;2025-09-12;;11.69583333;;;;;;;;;;;;;;
KENNEDY;2025-09-11;;13.13333333;;;;;;;;;;;;;;
KENNEDY;2025-09-10;;11.42916667;;;;;;;;;;;;;;
KENNEDY;2025-09-09;;15.0375;;;;;;;;;;;;;;
KENNEDY;2025-09-08;;7.925;;;;;;;;;;;;;;
KENNEDY;2025-09-07;;10.6125;;;;;;;;;;;;;;
KENNEDY;2025-09-06;;11.5625;;;;;;;;;;;;;;
KENNEDY;2025-09-05;;13.04166667;;;;;;;;;;;;;;
KENNEDY;2025-09-04;;12.325;;;;;;;;;;;;;;
KENNEDY;2025-09-03;;20.1375;;;;;;;;;;;;;;
KENNEDY;2025-09-02;;9.66666667;;;;;;;;;;;;;;
KENNEDY;2025-09-01;;9.89130435;;;;;;;;;;;;;;
KENNEDY;2025-08-31;;14.5826087;;;;;;;;;;;;;;
KENNEDY;2025-08-30;;25.35833333;;;;;;;;;;;;;;
KENNEDY;2025-08-29;;20.1625;;;;;;;;;;;;;;
KENNEDY;2025-08-28;;6.56521739;;;;;;;;;;;;;;
KENNEDY;2025-08-27;;7.15833333;;;;;;;;;;;;;;
KENNEDY;2025-08-26;;12.11363636;;;;;;;;;;;;;;
KENNEDY;2025-08-25;;6.6875;;;;;;;;;;;;;;
KENNEDY;2025-08-24;;11.8826087;;;;;;;;;;;;;;
KENNEDY;2025-08-23;;13.07916667;;;;;;;;;;;;;;
KENNEDY;2025-08-22;;17.64166667;;;;;;;;;;;;;;
KENNEDY;2025-08-21;;16.27727273;;;;;;;;;;;;;;
KENNEDY;2025-08-20;;17.5375;;;;;;;;;;;;;;
KENNEDY;2025-08-19;;14.9875;;;;;;;;;;;;;;
KENNEDY;2025-08-18;;8.33333333;;;;;;;;;;;;;;
KENNEDY;2025-08-17;;13.725;;;;;;;;;;;;;;
KENNEDY;2025-08-16;;12.90833333;;;;;;;;;;;;;;
KENNEDY;2025-08-15;;11.45;;;;;;;;;;;;;;
KENNEDY;2025-08-14;;14.42083333;;;;;;;;;;;;;;
KENNEDY;2025-08-13;;20.025;;;;;;;;;;;;;;
KENNEDY;2025-08-12;;10.66818182;;;;;;;;;;;;;;
KENNEDY;2025-08-11;;6.20833333;;;;;;;;;;;;;;
KENNEDY;2025-08-10;;8.67391304;;;;;;;;;;;;;;
KENNEDY;2025-08-09;;12.7375;;;;;;;;;;;;;;
KENNEDY;2025-08-08;;22.49583333;;;;;;;;;;;;;;
KENNEDY;2025-08-07;;15.04166667;;;;;;;;;;;;;;
KENNEDY;2025-08-06;;15.475;;;;;;;;;;;;;;
KENNEDY;2025-08-05;;11.84166667;;;;;;;;;;;;;;
KENNEDY;2025-08-04;;5.675;;;;;;;;;;;;;;
KENNEDY;2025-08-03;;6.38333333;;;;;;;;;;;;;;
KENNEDY;2025-08-02;;10.88333333;;;;;;;;;;;;;;
KENNEDY;2025-08-01;;14.29583333;;;;;;;;;;;;;;
KENNEDY;2025-07-31;;19.4;;;;;;;;;;;;;;
KENNEDY;2025-07-30;;10.41666667;;;;;;;;;;;;;;
KENNEDY;2025-07-29;;10.55;;;;;;;;;;;;;;
KENNEDY;2025-07-28;;5.04166667;;;;;;;;;;;;;;
KENNEDY;2025-07-27;;6.78695652;;;;;;;;;;;;;;
KENNEDY;2025-07-26;;12.0375;;;;;;;;;;;;;;
KENNEDY;2025-07-25;;11.86956522;;;;;;;;;;;;;;
KENNEDY;2025-07-24;;9.77083333;;;;;;;;;;;;;;
KENNEDY;2025-07-23;;9.57619048;;;;;;;;;;;;;;
KENNEDY;2025-07-22;;14.85416667;;;;;;;;;;;;;;
KENNEDY;2025-07-21;;7.52916667;;;;;;;;;;;;;;
KENNEDY;2025-07-20;;7.4875;;;;;;;;;;;;;;
KENNEDY;2025-07-19;;11.54166667;;;;;;;;;;;;;;
KENNEDY;2025-07-18;;9.15416667;;;;;;;;;;;;;;
KENNEDY;2025-07-17;;13.59090909;;;;;;;;;;;;;;
KENNEDY;2025-07-16;;12.625;;;;;;;;;;;;;;
KENNEDY;2025-07-15;;11.075;;;;;;;;;;;;;;
KENNEDY;2025-07-14;;9.64545455;;;;;;;;;;;;;;
KENNEDY;2025-07-13;;4.36428571;;;;;;;;;;;;;;
KENNEDY;2025-07-12;;12.22916667;;;;;;;;;;;;;;
KENNEDY;2025-07-11;;11.7875;;;;;;;;;;;;;;
KENNEDY;2025-07-10;;11.12173913;;;;;;;;;;;;;;
KENNEDY;2025-07-09;;12.6;;;;;;;;;;;;;;
KENNEDY;2025-07-08;;12.01666667;;;;;;;;;;;;;;
KENNEDY;2025-07-07;;8.73913043;;;;;;;;;;;;;;
KENNEDY;2025-07-06;;8.27916667;;;;;;;;;;;;;;
KENNEDY;2025-07-05;;10.5375;;;;;;;;;;;;;;
KENNEDY;2025-07-04;;8.53333333;;;;;;;;;;;;;;
KENNEDY;2025-07-03;;9.49166667;;;;;;;;;;;;;;
KENNEDY;2025-07-02;;9.7125;;;;;;;;;;;;;;
KENNEDY;2025-07-01;;4.1125;;;;;;;;;;;;;;
KENNEDY;2025-06-30;;6.975;;;;;;;;;;;;;;
KENNEDY;2025-06-29;;13.09166667;;;;;;;;;;;;;;
KENNEDY;2025-06-28;;8.54583333;;;;;;;;;;;;;;
KENNEDY;2025-06-27;;11.15833333;;;;;;;;;;;;;;
KENNEDY;2025-06-26;;19.42083333;;;;;;;;;;;;;;
KENNEDY;2025-06-25;;11.46818182;;;;;;;;;;;;;;
KENNEDY;2025-06-24;;6.59166667;;;;;;;;;;;;;;
KENNEDY;2025-06-23;;8.90416667;;;;;;;;;;;;;;
KENNEDY;2025-06-22;;11.82916667;;;;;;;;;;;;;;
KENNEDY;2025-06-21;;9.79583333;;;;;;;;;;;;;;
KENNEDY;2025-06-20;;10.24583333;;;;;;;;;;;;;;
KENNEDY;2025-06-19;;13.13636364;;;;;;;;;;;;;;
KENNEDY;2025-06-18;;10.30416667;;;;;;;;;;;;;;
KENNEDY;2025-06-17;;10.5625;;;;;;;;;;;;;;
KENNEDY;2025-06-16;;14.72083333;;;;;;;;;;;;;;
KENNEDY;2025-06-15;;17.25;;;;;;;;;;;;;;
KENNEDY;2025-06-14;;16.85;;;;;;;;;;;;;;
KENNEDY;2025-06-13;;15.77083333;;;;;;;;;;;;;;
KENNEDY;2025-06-12;;16.25416667;;;;;;;;;;;;;;
KENNEDY;2025-06-11;;13.32916667;;;;;;;;;;;;;;
KENNEDY;2025-06-10;;10.62380952;;;;;;;;;;;;;;
KENNEDY;2025-06-09;;12.94166667;;;;;;;;;;;;;;
KENNEDY;2025-06-08;;6.22916667;;;;;;;;;;;;;;
KENNEDY;2025-06-07;;11.80416667;;;;;;;;;;;;;;
KENNEDY;2025-06-06;;15.11304348;;;;;;;;;;;;;;
KENNEDY;2025-06-05;;12.83333333;;;;;;;;;;;;;;
KENNEDY;2025-06-04;;8.105;;;;;;;;;;;;;;
KENNEDY;2025-06-03;;6.35;;;;;;;;;;;;;;
KENNEDY;2025-06-02;;4.08695652;;;;;;;;;;;;;;
KENNEDY;2025-06-01;;8.6;;;;;;;;;;;;;;
KENNEDY;2025-05-31;;11.57391304;;;;;;;;;;;;;;
KENNEDY;2025-05-30;;17.3375;;;;;;;;;;;;;;
KENNEDY;2025-05-29;;15.54166667;;;;;;;;;;;;;;
KENNEDY;2025-05-28;;11.8826087;;;;;;;;;;;;;;
KENNEDY;2025-05-27;;22.71363636;;;;;;;;;;;;;;
KENNEDY;2025-05-26;;11.10833333;;;;;;;;;;;;;;
KENNEDY;2025-05-25;;9.10833333;;;;;;;;;;;;;;
KENNEDY;2025-05-24;;11.2;;;;;;;;;;;;;;
KENNEDY;2025-05-23;;11.60416667;;;;;;;;;;;;;;
KENNEDY;2025-05-22;;18.4;;;;;;;;;;;;;;
KENNEDY;2025-05-21;;17.29583333;;;;;;;;;;;;;;
KENNEDY;2025-05-20;;13.55416667;;;;;;;;;;;;;;
KENNEDY;2025-05-19;;18.22083333;;;;;;;;;;;;;;
KENNEDY;2025-05-18;;15.61666667;;;;;;;;;;;;;;
KENNEDY;2025-05-17;;12.40416667;;;;;;;;;;;;;;
KENNEDY;2025-05-16;;21.21666667;;;;;;;;;;;;;;
KENNEDY;2025-05-15;;16.13333333;;;;;;;;;;;;;;
KENNEDY;2025-05-14;;15.29166667;;;;;;;;;;;;;;
KENNEDY;2025-05-13;;9.97083333;;;;;;;;;;;;;;
KENNEDY;2025-05-12;;6.45416667;;;;;;;;;;;;;;
KENNEDY;2025-05-11;;6.32173913;;;;;;;;;;;;;;
KENNEDY;2025-05-10;;9.65;;;;;;;;;;;;;;
KENNEDY;2025-05-09;;16.9125;;;;;;;;;;;;;;
KENNEDY;2025-05-08;;19.0125;;;;;;;;;;;;;;
KENNEDY;2025-05-07;;11.04210526;;;;;;;;;;;;;;
KENNEDY;2025-05-06;;23.75;;;;;;;;;;;;;;
KENNEDY;2025-05-05;;9.74166667;;;;;;;;;;;;;;
KENNEDY;2025-05-04;;19.91666667;;;;;;;;;;;;;;
KENNEDY;2025-05-03;;12.6625;;;;;;;;;;;;;;
KENNEDY;2025-05-02;;18.8625;;;;;;;;;;;;;;
KENNEDY;2025-05-01;;16.92083333;;;;;;;;;;;;;;
KENNEDY;2025-04-30;;12.97826087;;;;;;;;;;;;;;
KENNEDY;2025-04-29;;21.45;;;;;;;;;;;;;;
KENNEDY;2025-04-28;;12.40416667;;;;;;;;;;;;;;
KENNEDY;2025-04-27;;14.75833333;;;;;;;;;;;;;;
KENNEDY;2025-04-26;;18.62916667;;;;;;;;;;;;;;
KENNEDY;2025-04-25;;28.63333333;;;;;;;;;;;;;;
KENNEDY;2025-04-24;;19.51666667;;;;;;;;;;;;;;
KENNEDY;2025-04-23;;27.77083333;;;;;;;;;;;;;;
KENNEDY;2025-04-22;;24.425;;;;;;;;;;;;;;
KENNEDY;2025-04-21;;16.33333333;;;;;;;;;;;;;;
KENNEDY;2025-04-20;;6.8875;;;;;;;;;;;;;;
KENNEDY;2025-04-19;;9.25833333;;;;;;;;;;;;;;
KENNEDY;2025-04-18;;10.24347826;;;;;;;;;;;;;;
KENNEDY;2025-04-17;;20.21666667;;;;;;;;;;;;;;
KENNEDY;2025-04-16;;28.27083333;;;;;;;;;;;;;;
KENNEDY;2025-04-15;;18.77142857;;;;;;;;;;;;;;
KENNEDY;2025-04-14;;18.8;;;;;;;;;;;;;;
KENNEDY;2025-04-13;;14.225;;;;;;;;;;;;;;
KENNEDY;2025-04-12;;26.5625;;;;;;;;;;;;;;
KENNEDY;2025-04-11;;15.57368421;;;;;;;;;;;;;;
KENNEDY;2025-04-10;;13.08636364;;;;;;;;;;;;;;
KENNEDY;2025-04-09;;17.86956522;;;;;;;;;;;;;;
KENNEDY;2025-04-08;;19.75217391;;;;;;;;;;;;;;
KENNEDY;2025-04-07;;14.41666667;;;;;;;;;;;;;;
KENNEDY;2025-04-06;;9.06666667;;;;;;;;;;;;;;
KENNEDY;2025-04-05;;11.69583333;;;;;;;;;;;;;;
KENNEDY;2025-04-04;;18.375;;;;;;;;;;;;;;
KENNEDY;2025-04-03;;21.09583333;;;;;;;;;;;;;;
KENNEDY;2025-04-02;;19.825;;;;;;;;;;;;;;
KENNEDY;2025-04-01;;26.0375;;;;;;;;;;;;;;
KENNEDY;2025-03-31;;19.41304348;;;;;;;;;;;;;;
KENNEDY;2025-03-30;;20.84166667;;;;;;;;;;;;;;
KENNEDY;2025-03-29;;26.53333333;;;;;;;;;;;;;;
KENNEDY;2025-03-28;;26.53333333;;;;;;;;;;;;;;
KENNEDY;2025-03-27;;23.28333333;;;;;;;;;;;;;;
KENNEDY;2025-03-26;;31.2625;;;;;;;;;;;;;;
KENNEDY;2025-03-25;;25.90833333;;;;;;;;;;;;;;
KENNEDY;2025-03-24;;17.075;;;;;;;;;;;;;;
KENNEDY;2025-03-23;;17.19583333;;;;;;;;;;;;;;
KENNEDY;2025-03-22;;15.91666667;;;;;;;;;;;;;;
KENNEDY;2025-03-21;;12.67916667;;;;;;;;;;;;;;
KENNEDY;2025-03-20;;17.29166667;;;;;;;;;;;;;;
KENNEDY;2025-03-19;;19.98333333;;;;;;;;;;;;;;
KENNEDY;2025-03-18;;16.19130435;;;;;;;;;;;;;;
KENNEDY;2025-03-17;;14.6;;;;;;;;;;;;;;
KENNEDY;2025-03-16;;17.25833333;;;;;;;;;;;;;;
KENNEDY;2025-03-15;;22.33333333;;;;;;;;;;;;;;
KENNEDY;2025-03-14;;14.625;;;;;;;;;;;;;;
KENNEDY;2025-03-13;;24.24166667;;;;;;;;;;;;;;
KENNEDY;2025-03-12;;12.29166667;;;;;;;;;;;;;;
KENNEDY;2025-03-11;;38.2875;;;;;;;;;;;;;;
KENNEDY;2025-03-10;;29.875;;;;;;;;;;;;;;
KENNEDY;2025-03-09;;26.05416667;;;;;;;;;;;;;;
KENNEDY;2025-03-08;;27.04166667;;;;;;;;;;;;;;
KENNEDY;2025-03-07;;30.3125;;;;;;;;;;;;;;
KENNEDY;2025-03-06;;16.57083333;;;;;;;;;;;;;;
KENNEDY;2025-03-05;;15.64;;;;;;;;;;;;;;
KENNEDY;2025-03-04;;35.825;;;;;;;;;;;;;;
KENNEDY;2025-03-03;;23.35833333;;;;;;;;;;;;;;
KENNEDY;2025-03-02;;18.74166667;;;;;;;;;;;;;;
KENNEDY;2025-03-01;;24.99166667;;;;;;;;;;;;;;
KENNEDY;2025-02-28;;28.09130435;;;;;;;;;;;;;;
KENNEDY;2025-02-27;;30.46666667;;;;;;;;;;;;;;
KENNEDY;2025-02-26;;28.73333333;;;;;;;;;;;;;;
KENNEDY;2025-02-25;;25.67083333;;;;;;;;;;;;;;
KENNEDY;2025-02-24;;19.13333333;;;;;;;;;;;;;;
KENNEDY;2025-02-23;;16.57916667;;;;;;;;;;;;;;
KENNEDY;2025-02-22;;23.02083333;;;;;;;;;;;;;;
KENNEDY;2025-02-21;;20.59583333;;;;;;;;;;;;;;
KENNEDY;2025-02-20;;27.30833333;;;;;;;;;;;;;;
KENNEDY;2025-02-19;;29.77916667;;;;;;;;;;;;;;
KENNEDY;2025-02-18;;26.175;;;;;;;;;;;;;;
KENNEDY;2025-02-17;;42.83076923;;;;;;;;;;;;;;
KENNEDY;2025-02-14;;24.19;;;;;;;;;;;;;;
KENNEDY;2025-02-13;;16.47;;;;;;;;;;;;;;
KENNEDY;2025-02-12;;19.81666667;;;;;;;;;;;;;;
KENNEDY;2025-02-11;;16.205;;;;;;;;;;;;;;
KENNEDY;2025-02-10;;19.10833333;;;;;;;;;;;;;;
KENNEDY;2025-02-09;;16.04583333;;;;;;;;;;;;;;
KENNEDY;2025-02-08;;20.55;;;;;;;;;;;;;;
KENNEDY;2025-02-07;;28.02083333;;;;;;;;;;;;;;
KENNEDY;2025-02-06;;21.38333333;;;;;;;;;;;;;;
KENNEDY;2025-02-05;;28.29583333;;;;;;;;;;;;;;
KENNEDY;2025-02-04;;28.44285714;;;;;;;;;;;;;;
KENNEDY;2025-02-03;;27.275;;;;;;;;;;;;;;
KENNEDY;2025-02-02;;25.62608696;;;;;;;;;;;;;;
KENNEDY;2025-02-01;;14.6125;;;;;;;;;;;;;;
KENNEDY;2025-01-31;;12.25217391;;;;;;;;;;;;;;
KENNEDY;2025-01-30;;19.6;;;;;;;;;;;;;;
KENNEDY;2025-01-18;;17.09166667;;;;;;;;;;;;;;
KENNEDY;2025-01-17;;23.175;;;;;;;;;;;;;;
KENNEDY;2025-01-16;;19.78333333;;;;;;;;;;;;;;
KENNEDY;2025-01-15;;32.59583333;;;;;;;;;;;;;;
KENNEDY;2025-01-14;;26.84583333;;;;;;;;;;;;;;
KENNEDY;2025-01-13;;25.225;;;;;;;;;;;;;;
KENNEDY;2025-01-12;;19.65416667;;;;;;;;;;;;;;
KENNEDY;2025-01-11;;27.525;;;;;;;;;;;;;;
KENNEDY;2025-01-10;;20.09583333;;;;;;;;;;;;;;
KENNEDY;2025-01-09;;14.625;;;;;;;;;;;;;;
KENNEDY;2025-01-08;;15.50416667;;;;;;;;;;;;;;
KENNEDY;2025-01-07;;16.67916667;;;;;;;;;;;;;;
KENNEDY;2025-01-06;;7.84166667;;;;;;;;;;;;;;
KENNEDY;2025-01-05;;12.32083333;;;;;;;;;;;;;;
KENNEDY;2025-01-04;;17.89166667;;;;;;;;;;;;;;
KENNEDY;2025-01-03;;15.375;;;;;;;;;;;;;;
KENNEDY;2025-01-02;;15.675;;;;;;;;;;;;;;
KENNEDY;2025-01-01;;50.62083333;;;;;;;;;;;;;;
KENNEDY;2024-12-31;;17.29565217;;;;;;;;;;;;;;
KENNEDY;2024-12-30;;12.36666667;;;;;;;;;;;;;;
KENNEDY;2024-12-29;;14.525;;;;;;;;;;;;;;
KENNEDY;2024-12-28;;15.1625;;;;;;;;;;;;;;
KENNEDY;2024-12-27;;23.7;;;;;;;;;;;;;;
KENNEDY;2024-12-26;;20.69166667;;;;;;;;;;;;;;
KENNEDY;2024-12-25;;26.97916667;;;;;;;;;;;;;;
KENNEDY;2024-12-24;;30.25;;;;;;;;;;;;;;
KENNEDY;2024-12-23;;14.6125;;;;;;;;;;;;;;
KENNEDY;2024-12-22;;19.60833333;;;;;;;;;;;;;;
KENNEDY;2024-12-21;;27.1125;;;;;;;;;;;;;;
KENNEDY;2024-12-20;;37.3875;;;;;;;;;;;;;;
KENNEDY;2024-12-19;;19.8375;;;;;;;;;;;;;;
KENNEDY;2024-12-18;;13.38333333;;;;;;;;;;;;;;
KENNEDY;2024-12-17;;26.32173913;;;;;;;;;;;;;;
KENNEDY;2024-12-16;;23.5625;;;;;;;;;;;;;;
KENNEDY;2024-12-15;;32.0375;;;;;;;;;;;;;;
KENNEDY;2024-12-14;;32.65416667;;;;;;;;;;;;;;
KENNEDY;2024-12-13;;29.93333333;;;;;;;;;;;;;;
KENNEDY;2024-12-12;;32.22083333;;;;;;;;;;;;;;
KENNEDY;2024-12-11;;41.66666667;;;;;;;;;;;;;;
KENNEDY;2024-12-10;;23.785;;;;;;;;;;;;;;
KENNEDY;2024-12-09;;29.2625;;;;;;;;;;;;;;
KENNEDY;2024-12-08;;45.55416667;;;;;;;;;;;;;;
KENNEDY;2024-12-07;;35.20833333;;;;;;;;;;;;;;
KENNEDY;2024-12-06;;36.925;;;;;;;;;;;;;;
KENNEDY;2024-12-05;;34.4;;;;;;;;;;;;;;
KENNEDY;2024-12-04;;29.14090909;;;;;;;;;;;;;;
KENNEDY;2024-12-03;;36.35454545;;;;;;;;;;;;;;
KENNEDY;2024-12-02;;29.34583333;;;;;;;;;;;;;;
KENNEDY;2024-12-01;;17.00833333;;;;;;;;;;;;;;
KENNEDY;2024-11-30;;23.63043478;;;;;;;;;;;;;;
KENNEDY;2024-11-29;;17.02916667;;;;;;;;;;;;;;
KENNEDY;2024-11-28;;23.1875;;;;;;;;;;;;;;
KENNEDY;2024-11-27;;45.54166667;;;;;;;;;;;;;;
KENNEDY;2024-11-26;;46.46875;;;;;;;;;;;;;;
KENNEDY;2024-11-25;;20.77083333;;;;;;;;;;;;;;
KENNEDY;2024-11-24;;15.1125;;;;;;;;;;;;;;
KENNEDY;2024-11-23;;18.70416667;;;;;;;;;;;;;;
KENNEDY;2024-11-22;;31.4375;;;;;;;;;;;;;;
KENNEDY;2024-11-21;;22.75833333;;;;;;;;;;;;;;
KENNEDY;2024-11-20;;33.8375;;;;;;;;;;;;;;
KENNEDY;2024-11-19;;21.52916667;;;;;;;;;;;;;;
KENNEDY;2024-11-18;;27.6;;;;;;;;;;;;;;
KENNEDY;2024-11-17;;17.3875;;;;;;;;;;;;;;
KENNEDY;2024-11-16;;19.5375;;;;;;;;;;;;;;
KENNEDY;2024-11-15;;27.475;;;;;;;;;;;;;;
KENNEDY;2024-11-14;;18.62916667;;;;;;;;;;;;;;
KENNEDY;2024-11-13;;11.94166667;;;;;;;;;;;;;;
KENNEDY;2024-11-12;;19.21666667;;;;;;;;;;;;;;
KENNEDY;2024-11-11;;22.7875;;;;;;;;;;;;;;
KENNEDY;2024-11-10;;15.86666667;;;;;;;;;;;;;;
KENNEDY;2024-11-09;;15.6375;;;;;;;;;;;;;;
KENNEDY;2024-11-08;;26.76666667;;;;;;;;;;;;;;
KENNEDY;2024-11-07;;27.45416667;;;;;;;;;;;;;;
KENNEDY;2024-11-06;;25.94166667;;;;;;;;;;;;;;
KENNEDY;2024-11-05;;32.10833333;;;;;;;;;;;;;;
KENNEDY;2024-11-04;;14.025;;;;;;;;;;;;;;
KENNEDY;2024-11-03;;21.6;;;;;;;;;;;;;;
KENNEDY;2024-11-02;;24.20416667;;;;;;;;;;;;;;
KENNEDY;2024-11-01;;24.9;;;;;;;;;;;;;;
KENNEDY;2024-10-31;;30.36521739;;;;;;;;;;;;;;
KENNEDY;2024-10-30;;14.62916667;;;;;;;;;;;;;;
KENNEDY;2024-10-29;;17.74583333;;;;;;;;;;;;;;
KENNEDY;2024-10-28;;16.41052632;;;;;;;;;;;;;;
KENNEDY;2024-10-27;;12.49166667;;;;;;;;;;;;;;
KENNEDY;2024-10-26;;18.79166667;;;;;;;;;;;;;;
KENNEDY;2024-10-25;;21.10833333;;;;;;;;;;;;;;
KENNEDY;2024-10-24;;25.22083333;;;;;;;;;;;;;;
KENNEDY;2024-10-23;;24.79130435;;;;;;;;;;;;;;
KENNEDY;2024-10-22;;29.92916667;;;;;;;;;;;;;;
KENNEDY;2024-10-21;;29.23181818;;;;;;;;;;;;;;
KENNEDY;2024-10-20;;15.25833333;;;;;;;;;;;;;;
KENNEDY;2024-10-19;;20.1625;;;;;;;;;;;;;;
KENNEDY;2024-10-18;;26.86086957;;;;;;;;;;;;;;
KENNEDY;2024-10-17;;19.05454545;;;;;;;;;;;;;;
KENNEDY;2024-10-16;;15.6375;;;;;;;;;;;;;;
KENNEDY;2024-10-15;;13.43333333;;;;;;;;;;;;;;
KENNEDY;2024-10-14;;8.96666667;;;;;;;;;;;;;;
KENNEDY;2024-10-13;;6.98333333;;;;;;;;;;;;;;
KENNEDY;2024-10-12;;15.00416667;;;;;;;;;;;;;;
KENNEDY;2024-10-11;;21.93636364;;;;;;;;;;;;;;
KENNEDY;2024-10-10;;15.42173913;;;;;;;;;;;;;;
KENNEDY;2024-10-09;;21.70416667;;;;;;;;;;;;;;
KENNEDY;2024-10-08;;19.51818182;;;;;;;;;;;;;;
KENNEDY;2024-10-07;;19.68333333;;;;;;;;;;;;;;
KENNEDY;2024-10-06;;14.54166667;;;;;;;;;;;;;;
KENNEDY;2024-10-05;;17.94166667;;;;;;;;;;;;;;
KENNEDY;2024-10-04;;29.43636364;;;;;;;;;;;;;;
KENNEDY;2024-10-03;;41.1;;;;;;;;;;;;;;
KENNEDY;2024-10-02;;39.80555556;;;;;;;;;;;;;;
KENNEDY;2024-10-01;;30.47826087;;;;;;;;;;;;;;
KENNEDY;2024-09-30;;29.26363636;;;;;;;;;;;;;;
KENNEDY;2024-09-29;;17.55833333;;;;;;;;;;;;;;
KENNEDY;2024-09-28;;20.34583333;;;;;;;;;;;;;;
KENNEDY;2024-09-27;;30.45833333;;;;;;;;;;;;;;
KENNEDY;2024-09-26;;18.925;;;;;;;;;;;;;;
KENNEDY;2024-09-25;;17.64166667;;;;;;;;;;;;;;
KENNEDY;2024-09-24;;16.51363636;;;;;;;;;;;;;;
KENNEDY;2024-09-23;;8.63333333;;;;;;;;;;;;;;
KENNEDY;2024-09-22;;11.16363636;;;;;;;;;;;;;;
KENNEDY;2024-09-21;;14.99166667;;;;;;;;;;;;;;
KENNEDY;2024-09-20;;17.41428571;;;;;;;;;;;;;;
KENNEDY;2024-09-19;;11.7;;;;;;;;;;;;;;
KENNEDY;2024-09-18;;11.48333333;;;;;;;;;;;;;;
KENNEDY;2024-09-17;;13.64545455;;;;;;;;;;;;;;
KENNEDY;2024-09-16;;11.20833333;;;;;;;;;;;;;;
KENNEDY;2024-09-15;;11.52916667;;;;;;;;;;;;;;
KENNEDY;2024-09-14;;14.2125;;;;;;;;;;;;;;
KENNEDY;2024-09-13;;16.9;;;;;;;;;;;;;;
KENNEDY;2024-09-12;;18.46666667;;;;;;;;;;;;;;
KENNEDY;2024-09-11;;22.12916667;;;;;;;;;;;;;;
KENNEDY;2024-09-10;;40.03636364;;;;;;;;;;;;;;
KENNEDY;2024-08-21;;13.7;;;;;;;;;;;;;;
KENNEDY;2024-08-20;;6.72777778;;;;;;;;;;;;;;
KENNEDY;2024-08-19;;9.71666667;;;;;;;;;;;;;;
KENNEDY;2024-08-18;;7.2;;;;;;;;;;;;;;
KENNEDY;2024-08-17;;12.87083333;;;;;;;;;;;;;;
KENNEDY;2024-08-16;;9.66666667;;;;;;;;;;;;;;
KENNEDY;2024-08-15;;12.0875;;;;;;;;;;;;;;
KENNEDY;2024-08-14;;13.93333333;;;;;;;;;;;;;;
KENNEDY;2024-08-13;;9.0125;;;;;;;;;;;;;;
KENNEDY;2024-08-12;;11.875;;;;;;;;;;;;;;
KENNEDY;2024-08-11;;7.54166667;;;;;;;;;;;;;;
KENNEDY;2024-08-10;;9.03333333;;;;;;;;;;;;;;
KENNEDY;2024-08-09;;16.7875;;;;;;;;;;;;;;
KENNEDY;2024-08-08;;23.0875;;;;;;;;;;;;;;
KENNEDY;2024-08-07;;16.42083333;;;;;;;;;;;;;;
KENNEDY;2024-08-06;;13.525;;;;;;;;;;;;;;
KENNEDY;2024-08-05;;11.2125;;;;;;;;;;;;;;
KENNEDY;2024-08-04;;15.22083333;;;;;;;;;;;;;;
KENNEDY;2024-08-03;;15.92916667;;;;;;;;;;;;;;
KENNEDY;2024-08-02;;11.92916667;;;;;;;;;;;;;;
KENNEDY;2024-08-01;;8.14583333;;;;;;;;;;;;;;
KENNEDY;2024-07-31;;6.56956522;;;;;;;;;;;;;;
KENNEDY;2024-07-30;;7.95416667;;;;;;;;;;;;;;
KENNEDY;2024-07-29;;5.97916667;;;;;;;;;;;;;;
KENNEDY;2024-07-28;;5.96666667;;;;;;;;;;;;;;
KENNEDY;2024-07-27;;8.55;;;;;;;;;;;;;;
KENNEDY;2024-07-26;;13.02916667;;;;;;;;;;;;;;
KENNEDY;2024-07-25;;6.71666667;;;;;;;;;;;;;;
KENNEDY;2024-07-24;;10.91666667;;;;;;;;;;;;;;
KENNEDY;2024-07-23;;7.61666667;;;;;;;;;;;;;;
KENNEDY;2024-07-22;;4.77083333;;;;;;;;;;;;;;
KENNEDY;2024-07-21;;4.50416667;;;;;;;;;;;;;;
KENNEDY;2024-07-20;;8.42916667;;;;;;;;;;;;;;
KENNEDY;2024-07-19;;6.20833333;;;;;;;;;;;;;;
KENNEDY;2024-07-18;;9.25833333;;;;;;;;;;;;;;
KENNEDY;2024-07-17;;8.525;;;;;;;;;;;;;;
KENNEDY;2024-07-16;;7.88333333;;;;;;;;;;;;;;
KENNEDY;2024-07-15;;4.01666667;;;;;;;;;;;;;;
KENNEDY;2024-07-14;;5.84583333;;;;;;;;;;;;;;
KENNEDY;2024-07-13;;8.78333333;;;;;;;;;;;;;;
KENNEDY;2024-07-12;;22.44166667;;;;;;;;;;;;;;
KENNEDY;2024-07-11;;20.3;;;;;;;;;;;;;;
KENNEDY;2024-07-10;;9.45416667;;;;;;;;;;;;;;
KENNEDY;2024-07-09;;8.60952381;;;;;;;;;;;;;;
KENNEDY;2024-07-08;;6.06666667;;;;;;;;;;;;;;
KENNEDY;2024-07-07;;6.00833333;;;;;;;;;;;;;;
KENNEDY;2024-07-06;;11.12173913;;;;;;;;;;;;;;
KENNEDY;2024-07-05;;11.45833333;;;;;;;;;;;;;;
KENNEDY;2024-07-04;;14.9047619;;;;;;;;;;;;;;
KENNEDY;2024-07-03;;11.025;;;;;;;;;;;;;;
KENNEDY;2024-07-02;;5.07083333;;;;;;;;;;;;;;
KENNEDY;2024-07-01;;9.94583333;;;;;;;;;;;;;;
KENNEDY;2024-06-30;;11.48695652;;;;;;;;;;;;;;
KENNEDY;2024-06-29;;14.38333333;;;;;;;;;;;;;;
KENNEDY;2024-06-28;;13.75833333;;;;;;;;;;;;;;
KENNEDY;2024-06-27;;14.07916667;;;;;;;;;;;;;;
KENNEDY;2024-06-26;;7.84583333;;;;;;;;;;;;;;
KENNEDY;2024-06-25;;8.84583333;;;;;;;;;;;;;;
KENNEDY;2024-06-24;;9.96666667;;;;;;;;;;;;;;
KENNEDY;2024-06-23;;9.5625;;;;;;;;;;;;;;
KENNEDY;2024-06-22;;16.64583333;;;;;;;;;;;;;;
KENNEDY;2024-06-21;;12.18695652;;;;;;;;;;;;;;
KENNEDY;2024-06-20;;12.5125;;;;;;;;;;;;;;
KENNEDY;2024-06-19;;13.91666667;;;;;;;;;;;;;;
KENNEDY;2024-06-18;;19.75;;;;;;;;;;;;;;
KENNEDY;2024-06-17;;11.0125;;;;;;;;;;;;;;
KENNEDY;2024-06-16;;5.55833333;;;;;;;;;;;;;;
KENNEDY;2024-06-15;;13.2375;;;;;;;;;;;;;;
KENNEDY;2024-06-14;;24.85416667;;;;;;;;;;;;;;
KENNEDY;2024-06-13;;18.60833333;;;;;;;;;;;;;;
KENNEDY;2024-06-12;;11.7;;;;;;;;;;;;;;
KENNEDY;2024-06-11;;11.11666667;;;;;;;;;;;;;;
KENNEDY;2024-06-10;;11.3;;;;;;;;;;;;;;
KENNEDY;2024-06-09;;7.20416667;;;;;;;;;;;;;;
KENNEDY;2024-06-08;;8.50416667;;;;;;;;;;;;;;
KENNEDY;2024-06-07;;17.175;;;;;;;;;;;;;;
KENNEDY;2024-06-06;;12.67083333;;;;;;;;;;;;;;
KENNEDY;2024-06-05;;8.85833333;;;;;;;;;;;;;;
KENNEDY;2024-06-04;;5.30833333;;;;;;;;;;;;;;
KENNEDY;2024-06-03;;6.1;;;;;;;;;;;;;;
KENNEDY;2024-06-02;;7.30833333;;;;;;;;;;;;;;
KENNEDY;2024-06-01;;7.9125;;;;;;;;;;;;;;
KENNEDY;2024-05-31;;11.53478261;;;;;;;;;;;;;;
KENNEDY;2024-05-30;;13.22916667;;;;;;;;;;;;;;
KENNEDY;2024-05-29;;10.875;;;;;;;;;;;;;;
KENNEDY;2024-05-28;;11.74583333;;;;;;;;;;;;;;
KENNEDY;2024-05-27;;5.63636364;;;;;;;;;;;;;;
KENNEDY;2024-05-26;;8.49166667;;;;;;;;;;;;;;
KENNEDY;2024-05-25;;19.64166667;;;;;;;;;;;;;;
KENNEDY;2024-05-24;;20.0125;;;;;;;;;;;;;;
KENNEDY;2024-05-23;;12.19166667;;;;;;;;;;;;;;
KENNEDY;2024-05-22;;7.07083333;;;;;;;;;;;;;;
KENNEDY;2024-05-21;;10.44545455;;;;;;;;;;;;;;
KENNEDY;2024-05-20;;7.975;;;;;;;;;;;;;;
KENNEDY;2024-05-19;;8.06666667;;;;;;;;;;;;;;
KENNEDY;2024-05-18;;17.28333333;;;;;;;;;;;;;;
KENNEDY;2024-05-17;;13.125;;;;;;;;;;;;;;
KENNEDY;2024-05-16;;12.73333333;;;;;;;;;;;;;;
KENNEDY;2024-05-15;;16.0125;;;;;;;;;;;;;;
KENNEDY;2024-05-14;;10.59166667;;;;;;;;;;;;;;
KENNEDY;2024-05-13;;5.64583333;;;;;;;;;;;;;;
KENNEDY;2024-05-12;;14.4875;;;;;;;;;;;;;;
KENNEDY;2024-05-11;;15.68333333;;;;;;;;;;;;;;
KENNEDY;2024-05-10;;9.15833333;;;;;;;;;;;;;;
KENNEDY;2024-05-09;;17.17916667;;;;;;;;;;;;;;
KENNEDY;2024-05-08;;16.2;;;;;;;;;;;;;;
KENNEDY;2024-05-07;;12.59166667;;;;;;;;;;;;;;
KENNEDY;2024-05-06;;8.34583333;;;;;;;;;;;;;;
KENNEDY;2024-05-05;;7.8375;;;;;;;;;;;;;;
KENNEDY;2024-05-04;;17.325;;;;;;;;;;;;;;
KENNEDY;2024-05-03;;16.48333333;;;;;;;;;;;;;;
KENNEDY;2024-05-02;;20.725;;;;;;;;;;;;;;
KENNEDY;2024-05-01;;9.35;;;;;;;;;;;;;;
KENNEDY;2024-04-30;;21.28695652;;;;;;;;;;;;;;
KENNEDY;2024-04-29;;21.08695652;;;;;;;;;;;;;;
KENNEDY;2024-04-28;;9.55416667;;;;;;;;;;;;;;
KENNEDY;2024-04-27;;16.37083333;;;;;;;;;;;;;;
KENNEDY;2024-04-26;;21.35833333;;;;;;;;;;;;;;
KENNEDY;2024-04-25;;20.87826087;;;;;;;;;;;;;;
KENNEDY;2024-04-24;;16.86086957;;;;;;;;;;;;;;
KENNEDY;2024-04-23;;24.63478261;;;;;;;;;;;;;;
KENNEDY;2024-04-22;;17.17727273;;;;;;;;;;;;;;
KENNEDY;2024-04-21;;13.07916667;;;;;;;;;;;;;;
KENNEDY;2024-04-20;;28.07083333;;;;;;;;;;;;;;
KENNEDY;2024-04-19;;16.5375;;;;;;;;;;;;;;
KENNEDY;2024-04-18;;32.97142857;;;;;;;;;;;;;;
KENNEDY;2024-04-17;;32.375;;;;;;;;;;;;;;
KENNEDY;2024-04-16;;34.93333333;;;;;;;;;;;;;;
KENNEDY;2024-04-15;;38.81904762;;;;;;;;;;;;;;
KENNEDY;2024-04-14;;31.43333333;;;;;;;;;;;;;;
KENNEDY;2024-04-13;;37.85833333;;;;;;;;;;;;;;
KENNEDY;2024-04-12;;30.15833333;;;;;;;;;;;;;;
KENNEDY;2024-04-11;;35.15416667;;;;;;;;;;;;;;
KENNEDY;2024-04-10;;30.825;;;;;;;;;;;;;;
KENNEDY;2024-04-09;;27.95833333;;;;;;;;;;;;;;
KENNEDY;2024-04-08;;18.625;;;;;;;;;;;;;;
KENNEDY;2024-04-07;;17.44583333;;;;;;;;;;;;;;
KENNEDY;2024-04-06;;14.22083333;;;;;;;;;;;;;;
KENNEDY;2024-04-05;;14.02083333;;;;;;;;;;;;;;
KENNEDY;2024-04-04;;22.27727273;;;;;;;;;;;;;;
KENNEDY;2024-04-03;;27.275;;;;;;;;;;;;;;
KENNEDY;2024-04-02;;27.30416667;;;;;;;;;;;;;;
KENNEDY;2024-04-01;;26.975;;;;;;;;;;;;;;
KENNEDY;2024-03-31;;30.26086957;;;;;;;;;;;;;;
KENNEDY;2024-03-30;;30.69166667;;;;;;;;;;;;;;
KENNEDY;2024-03-29;;28.7;;;;;;;;;;;;;;
KENNEDY;2024-03-28;;29.59583333;;;;;;;;;;;;;;
KENNEDY;2024-03-27;;24.325;;;;;;;;;;;;;;
KENNEDY;2024-03-26;;21.99583333;;;;;;;;;;;;;;
KENNEDY;2024-03-25;;23.0875;;;;;;;;;;;;;;
KENNEDY;2024-03-24;;32.1625;;;;;;;;;;;;;;
KENNEDY;2024-03-23;;45.68333333;;;;;;;;;;;;;;
KENNEDY;2024-03-22;;42.14166667;;;;;;;;;;;;;;
KENNEDY;2024-03-21;;36.2875;;;;;;;;;;;;;;
KENNEDY;2024-03-20;;35.125;;;;;;;;;;;;;;
KENNEDY;2024-03-19;;21.27916667;;;;;;;;;;;;;;
KENNEDY;2024-03-18;;24.57916667;;;;;;;;;;;;;;
KENNEDY;2024-03-17;;22.94583333;;;;;;;;;;;;;;
KENNEDY;2024-03-16;;28.25833333;;;;;;;;;;;;;;
KENNEDY;2024-03-15;;28.1375;;;;;;;;;;;;;;
KENNEDY;2024-03-14;;25.53333333;;;;;;;;;;;;;;
KENNEDY;2024-03-13;;25.25;;;;;;;;;;;;;;
KENNEDY;2024-03-12;;27.49166667;;;;;;;;;;;;;;
KENNEDY;2024-03-11;;22.60416667;;;;;;;;;;;;;;
KENNEDY;2024-03-10;;16.8875;;;;;;;;;;;;;;
KENNEDY;2024-03-09;;22.45;;;;;;;;;;;;;;
KENNEDY;2024-03-08;;31.06666667;;;;;;;;;;;;;;
KENNEDY;2024-03-07;;34.32916667;;;;;;;;;;;;;;
KENNEDY;2024-03-06;;36.80909091;;;;;;;;;;;;;;
KENNEDY;2024-03-05;;29.40833333;;;;;;;;;;;;;;
KENNEDY;2024-03-04;;28.42083333;;;;;;;;;;;;;;
KENNEDY;2024-03-03;;26.38333333;;;;;;;;;;;;;;
KENNEDY;2024-03-02;;35.31666667;;;;;;;;;;;;;;
KENNEDY;2024-03-01;;28.4875;;;;;;;;;;;;;;
KENNEDY;2024-02-29;;30.89565217;;;;;;;;;;;;;;
KENNEDY;2024-02-28;;30.7375;;;;;;;;;;;;;;
KENNEDY;2024-02-27;;33.18333333;;;;;;;;;;;;;;
KENNEDY;2024-02-26;;28.67083333;;;;;;;;;;;;;;
KENNEDY;2024-02-25;;19.2375;;;;;;;;;;;;;;
KENNEDY;2024-02-24;;22.1875;;;;;;;;;;;;;;
KENNEDY;2024-02-23;;20.56521739;;;;;;;;;;;;;;
KENNEDY;2024-02-22;;12.17083333;;;;;;;;;;;;;;
KENNEDY;2024-02-21;;21.83333333;;;;;;;;;;;;;;
KENNEDY;2024-02-20;;25.70833333;;;;;;;;;;;;;;
KENNEDY;2024-02-19;;25.35416667;;;;;;;;;;;;;;
KENNEDY;2024-02-18;;19.4875;;;;;;;;;;;;;;
KENNEDY;2024-02-17;;8.97083333;;;;;;;;;;;;;;
KENNEDY;2024-02-16;;18.55;;;;;;;;;;;;;;
KENNEDY;2024-02-15;;16.79583333;;;;;;;;;;;;;;
KENNEDY;2024-02-14;;14.4125;;;;;;;;;;;;;;
KENNEDY;2024-02-13;;28.40833333;;;;;;;;;;;;;;
KENNEDY;2024-02-12;;24.06666667;;;;;;;;;;;;;;
KENNEDY;2024-02-11;;11.84583333;;;;;;;;;;;;;;
KENNEDY;2024-02-10;;11.02916667;;;;;;;;;;;;;;
KENNEDY;2024-02-09;;16.95833333;;;;;;;;;;;;;;
KENNEDY;2024-02-08;;23.9125;;;;;;;;;;;;;;
KENNEDY;2024-02-07;;14.7625;;;;;;;;;;;;;;
KENNEDY;2024-02-06;;22.19583333;;;;;;;;;;;;;;
KENNEDY;2024-02-05;;14.19565217;;;;;;;;;;;;;;
KENNEDY;2024-02-04;;19.0375;;;;;;;;;;;;;;
KENNEDY;2024-02-03;;17.375;;;;;;;;;;;;;;
KENNEDY;2024-02-02;;21.0375;;;;;;;;;;;;;;
KENNEDY;2024-02-01;;28.075;;;;;;;;;;;;;;
KENNEDY;2024-01-31;;36.00434783;;;;;;;;;;;;;;
KENNEDY;2024-01-30;;34.23333333;;;;;;;;;;;;;;
KENNEDY;2024-01-29;;25.99090909;;;;;;;;;;;;;;
KENNEDY;2024-01-28;;36.125;;;;;;;;;;;;;;
KENNEDY;2024-01-27;;34.09583333;;;;;;;;;;;;;;
KENNEDY;2024-01-26;;35.97083333;;;;;;;;;;;;;;
KENNEDY;2024-01-25;;36.54583333;;;;;;;;;;;;;;
KENNEDY;2024-01-24;;26.1875;;;;;;;;;;;;;;
KENNEDY;2024-01-23;;17.03333333;;;;;;;;;;;;;;
KENNEDY;2024-01-22;;10.92916667;;;;;;;;;;;;;;
KENNEDY;2024-01-21;;11.07083333;;;;;;;;;;;;;;
KENNEDY;2024-01-20;;16.34583333;;;;;;;;;;;;;;
KENNEDY;2024-01-19;;16.675;;;;;;;;;;;;;;
KENNEDY;2024-01-18;;18.375;;;;;;;;;;;;;;
KENNEDY;2024-01-17;;17.55416667;;;;;;;;;;;;;;
KENNEDY;2024-01-16;;16.33333333;;;;;;;;;;;;;;
KENNEDY;2024-01-15;;16.25714286;;;;;;;;;;;;;;
KENNEDY;2024-01-14;;25.12916667;;;;;;;;;;;;;;
KENNEDY;2024-01-13;;25.47916667;;;;;;;;;;;;;;
KENNEDY;2024-01-12;;28.04166667;;;;;;;;;;;;;;
KENNEDY;2024-01-11;;32.91428571;;;;;;;;;;;;;;
KENNEDY;2024-01-09;;18.85;;;;;;;;;;;;;;
KENNEDY;2024-01-08;;11.9125;;;;;;;;;;;;;;
KENNEDY;2024-01-07;;11.08333333;;;;;;;;;;;;;;
KENNEDY;2024-01-06;;14.84166667;;;;;;;;;;;;;;
KENNEDY;2024-01-05;;21.4625;;;;;;;;;;;;;;
KENNEDY;2024-01-04;;22.29583333;;;;;;;;;;;;;;
KENNEDY;2024-01-03;;18.425;;;;;;;;;;;;;;
KENNEDY;2024-01-02;;33.29;;;;;;;;;;;;;;
KENNEDY;2023-12-28;;23.6;;;;;;;;;;;;;;
KENNEDY;2023-12-27;;23.825;;;;;;;;;;;;;;
KENNEDY;2023-12-26;;21.00952381;;;;;;;;;;;;;;
KENNEDY;2023-12-25;;23.17083333;;;;;;;;;;;;;;
KENNEDY;2023-12-24;;23.12222222;;;;;;;;;;;;;;
KENNEDY;2023-12-23;;39.18823529;;;;;;;;;;;;;;
KENNEDY;2023-12-22;;31.80952381;;;;;;;;;;;;;;
KENNEDY;2023-12-21;;37.01666667;;;;;;;;;;;;;;
KENNEDY;2023-12-20;;18.575;;;;;;;;;;;;;;
KENNEDY;2023-12-19;;15.69166667;;;;;;;;;;;;;;
KENNEDY;2023-12-18;;27.39583333;;;;;;;;;;;;;;
KENNEDY;2023-12-17;;29.8;;;;;;;;;;;;;;
KENNEDY;2023-12-16;;55.43333333;;;;;;;;;;;;;;
KENNEDY;2023-12-15;;56.84166667;;;;;;;;;;;;;;
KENNEDY;2023-12-14;;41.6625;;;;;;;;;;;;;;
KENNEDY;2023-12-13;;31.90833333;;;;;;;;;;;;;;
KENNEDY;2023-12-12;;29.1625;;;;;;;;;;;;;;
KENNEDY;2023-12-11;;17.4875;;;;;;;;;;;;;;
KENNEDY;2023-12-10;;11.7125;;;;;;;;;;;;;;
KENNEDY;2023-12-09;;17.02083333;;;;;;;;;;;;;;
KENNEDY;2023-12-08;;25.28333333;;;;;;;;;;;;;;
KENNEDY;2023-12-07;;36.1;;;;;;;;;;;;;;
KENNEDY;2023-12-06;;17.27083333;;;;;;;;;;;;;;
KENNEDY;2023-12-05;;22.65;;;;;;;;;;;;;;
KENNEDY;2023-12-04;;14.44545455;;;;;;;;;;;;;;
KENNEDY;2023-12-03;;12.6125;;;;;;;;;;;;;;
KENNEDY;2023-12-02;;25.66666667;;;;;;;;;;;;;;
KENNEDY;2023-12-01;;21.1375;;;;;;;;;;;;;;
KENNEDY;2023-11-30;;37.01304348;;;;;;;;;;;;;;
KENNEDY;2023-11-29;;13.84166667;;;;;;;;;;;;;;
KENNEDY;2023-11-28;;4.5125;;;;;;;;;;;;;;
KENNEDY;2023-11-27;;4.825;;;;;;;;;;;;;;
KENNEDY;2023-11-26;;7.2875;;;;;;;;;;;;;;
KENNEDY;2023-11-25;;16.5875;;;;;;;;;;;;;;
KENNEDY;2023-11-24;;28.25416667;;;;;;;;;;;;;;
KENNEDY;2023-11-23;;35.875;;;;;;;;;;;;;;
KENNEDY;2023-11-22;;26.21666667;;;;;;;;;;;;;;
KENNEDY;2023-11-21;;22.90526316;;;;;;;;;;;;;;
KENNEDY;2023-11-20;;24.6125;;;;;;;;;;;;;;
KENNEDY;2023-11-19;;23.20833333;;;;;;;;;;;;;;
KENNEDY;2023-11-18;;29.07083333;;;;;;;;;;;;;;
KENNEDY;2023-11-17;;35.92083333;;;;;;;;;;;;;;
KENNEDY;2023-11-16;;14.3625;;;;;;;;;;;;;;
KENNEDY;2023-11-15;;14.81666667;;;;;;;;;;;;;;
KENNEDY;2023-11-14;;17.8173913;;;;;;;;;;;;;;
KENNEDY;2023-11-13;;16.62083333;;;;;;;;;;;;;;
KENNEDY;2023-11-12;;13.72916667;;;;;;;;;;;;;;
KENNEDY;2023-11-11;;10.2;;;;;;;;;;;;;;
KENNEDY;2023-11-10;;14.02916667;;;;;;;;;;;;;;
KENNEDY;2023-11-09;;17.45;;;;;;;;;;;;;;
KENNEDY;2023-11-08;;18.775;;;;;;;;;;;;;;
KENNEDY;2023-11-07;;14.62083333;;;;;;;;;;;;;;
KENNEDY;2023-11-06;;18.8375;;;;;;;;;;;;;;
KENNEDY;2023-11-05;;25.5;;;;;;;;;;;;;;
KENNEDY;2023-11-04;;26.29583333;;;;;;;;;;;;;;
KENNEDY;2023-11-03;;36.2625;;;;;;;;;;;;;;
KENNEDY;2023-11-02;;28.7;;;;;;;;;;;;;;
KENNEDY;2023-11-01;;14.405;;;;;;;;;;;;;;
KENNEDY;2023-10-31;;24.74347826;;;;;;;;;;;;;;
KENNEDY;2023-10-30;;31.07916667;;;;;;;;;;;;;;
KENNEDY;2023-10-29;;11.70833333;;;;;;;;;;;;;;
KENNEDY;2023-10-28;;9.25833333;;;;;;;;;;;;;;
KENNEDY;2023-10-27;;14.0875;;;;;;;;;;;;;;
KENNEDY;2023-10-26;;26.23333333;;;;;;;;;;;;;;
KENNEDY;2023-10-25;;26.14583333;;;;;;;;;;;;;;
KENNEDY;2023-10-24;;25.37083333;;;;;;;;;;;;;;
KENNEDY;2023-10-23;;26.41818182;;;;;;;;;;;;;;
KENNEDY;2023-10-22;;35.81666667;;;;;;;;;;;;;;
KENNEDY;2023-10-21;;22.78333333;;;;;;;;;;;;;;
KENNEDY;2023-10-20;;28.51;;;;;;;;;;;;;;
KENNEDY;2023-10-19;;19.59583333;;;;;;;;;;;;;;
KENNEDY;2023-10-18;;29.10416667;;;;;;;;;;;;;;
KENNEDY;2023-10-17;;20.86666667;;;;;;;;;;;;;;
KENNEDY;2023-10-16;;22.9;;;;;;;;;;;;;;
KENNEDY;2023-10-15;;16.43333333;;;;;;;;;;;;;;
KENNEDY;2023-10-14;;23.19166667;;;;;;;;;;;;;;
KENNEDY;2023-10-13;;27.54166667;;;;;;;;;;;;;;
KENNEDY;2023-10-12;;23.80833333;;;;;;;;;;;;;;
KENNEDY;2023-10-11;;23.44166667;;;;;;;;;;;;;;
KENNEDY;2023-10-10;;18.64166667;;;;;;;;;;;;;;
KENNEDY;2023-10-09;;20.90833333;;;;;;;;;;;;;;
KENNEDY;2023-10-08;;16.4125;;;;;;;;;;;;;;
KENNEDY;2023-10-07;;28.125;;;;;;;;;;;;;;
KENNEDY;2023-10-06;;38.275;;;;;;;;;;;;;;
KENNEDY;2023-10-05;;27.81666667;;;;;;;;;;;;;;
KENNEDY;2023-10-04;;22.10833333;;;;;;;;;;;;;;
KENNEDY;2023-10-03;;27.7375;;;;;;;;;;;;;;
KENNEDY;2023-10-02;;24.2;;;;;;;;;;;;;;
KENNEDY;2023-10-01;;17.71666667;;;;;;;;;;;;;;
KENNEDY;2023-09-30;;27.47826087;;;;;;;;;;;;;;
KENNEDY;2023-09-29;;21.71363636;;;;;;;;;;;;;;
KENNEDY;2023-09-28;;30.87083333;;;;;;;;;;;;;;
KENNEDY;2023-09-27;;23.90454545;;;;;;;;;;;;;;
KENNEDY;2023-09-26;;21.1875;;;;;;;;;;;;;;
KENNEDY;2023-09-25;;9.08333333;;;;;;;;;;;;;;
KENNEDY;2023-09-24;;11.84583333;;;;;;;;;;;;;;
KENNEDY;2023-09-23;;17.72083333;;;;;;;;;;;;;;
KENNEDY;2023-09-22;;27.97083333;;;;;;;;;;;;;;
KENNEDY;2023-09-21;;20.26666667;;;;;;;;;;;;;;
KENNEDY;2023-09-20;;19.14;;;;;;;;;;;;;;
KENNEDY;2023-09-19;;18.3125;;;;;;;;;;;;;;
KENNEDY;2023-09-18;;16.90833333;;;;;;;;;;;;;;
KENNEDY;2023-09-17;;15.27916667;;;;;;;;;;;;;;
KENNEDY;2023-09-16;;19.8625;;;;;;;;;;;;;;
KENNEDY;2023-09-15;;12.0375;;;;;;;;;;;;;;
KENNEDY;2023-09-14;;11.12857143;;;;;;;;;;;;;;
KENNEDY;2023-09-04;;5.425;;;;;;;;;;;;;;
KENNEDY;2023-09-03;;6.77916667;;;;;;;;;;;;;;
KENNEDY;2023-09-02;;12.3875;;;;;;;;;;;;;;
KENNEDY;2023-09-01;;11.04166667;;;;;;;;;;;;;;
KENNEDY;2023-08-31;;7.27826087;;;;;;;;;;;;;;
KENNEDY;2023-08-30;;13.02083333;;;;;;;;;;;;;;
KENNEDY;2023-08-29;;9.99583333;;;;;;;;;;;;;;
KENNEDY;2023-08-28;;7.50416667;;;;;;;;;;;;;;
KENNEDY;2023-08-27;;4.25;;;;;;;;;;;;;;
KENNEDY;2023-08-26;;9.80416667;;;;;;;;;;;;;;
KENNEDY;2023-08-25;;7.50416667;;;;;;;;;;;;;;
KENNEDY;2023-08-24;;9.4625;;;;;;;;;;;;;;
KENNEDY;2023-08-23;;5.34166667;;;;;;;;;;;;;;
KENNEDY;2023-08-22;;5.52272727;;;;;;;;;;;;;;
KENNEDY;2023-08-21;;7.2875;;;;;;;;;;;;;;
KENNEDY;2023-08-20;;18.32083333;;;;;;;;;;;;;;
KENNEDY;2023-08-19;;36.9375;;;;;;;;;;;;;;
KENNEDY;2023-08-18;;33.40833333;;;;;;;;;;;;;;
KENNEDY;2023-08-17;;16.66666667;;;;;;;;;;;;;;
KENNEDY;2023-08-16;;19.825;;;;;;;;;;;;;;
KENNEDY;2023-08-15;;16.73333333;;;;;;;;;;;;;;
KENNEDY;2023-08-14;;22.575;;;;;;;;;;;;;;
KENNEDY;2023-08-13;;7.75416667;;;;;;;;;;;;;;
KENNEDY;2023-08-12;;17.40833333;;;;;;;;;;;;;;
KENNEDY;2023-08-11;;11.04583333;;;;;;;;;;;;;;
KENNEDY;2023-08-10;;43.75416667;;;;;;;;;;;;;;
KENNEDY;2023-08-09;;17.85833333;;;;;;;;;;;;;;
KENNEDY;2023-08-08;;11.79583333;;;;;;;;;;;;;;
KENNEDY;2023-08-07;;7.35416667;;;;;;;;;;;;;;
KENNEDY;2023-08-06;;7.21666667;;;;;;;;;;;;;;
KENNEDY;2023-08-05;;13.46666667;;;;;;;;;;;;;;
KENNEDY;2023-08-04;;14.37916667;;;;;;;;;;;;;;
KENNEDY;2023-08-03;;11.18125;;;;;;;;;;;;;;
KENNEDY;2023-08-02;;8.34;;;;;;;;;;;;;;
KENNEDY;2023-08-01;;6.45;;;;;;;;;;;;;;
KENNEDY;2023-07-31;;5.56521739;;;;;;;;;;;;;;
KENNEDY;2023-07-30;;6.26086957;;;;;;;;;;;;;;
KENNEDY;2023-07-29;;6.28333333;;;;;;;;;;;;;;
KENNEDY;2023-07-28;;14.21666667;;;;;;;;;;;;;;
KENNEDY;2023-07-27;;12.70416667;;;;;;;;;;;;;;
KENNEDY;2023-07-26;;25.56666667;;;;;;;;;;;;;;
KENNEDY;2023-07-25;;18.29166667;;;;;;;;;;;;;;
KENNEDY;2023-07-24;;9.50416667;;;;;;;;;;;;;;
KENNEDY;2023-07-23;;8.01666667;;;;;;;;;;;;;;
KENNEDY;2023-07-22;;9.29166667;;;;;;;;;;;;;;
KENNEDY;2023-07-21;;7.84583333;;;;;;;;;;;;;;
KENNEDY;2023-07-20;;8.075;;;;;;;;;;;;;;
KENNEDY;2023-07-19;;9.32083333;;;;;;;;;;;;;;
KENNEDY;2023-07-18;;6.52777778;;;;;;;;;;;;;;
KENNEDY;2023-07-17;;7.125;;;;;;;;;;;;;;
KENNEDY;2023-07-16;;7.075;;;;;;;;;;;;;;
KENNEDY;2023-07-15;;10.47916667;;;;;;;;;;;;;;
KENNEDY;2023-07-14;;18.69583333;;;;;;;;;;;;;;
KENNEDY;2023-07-13;;14.44583333;;;;;;;;;;;;;;
KENNEDY;2023-07-12;;15.55416667;;;;;;;;;;;;;;
KENNEDY;2023-07-11;;13.25833333;;;;;;;;;;;;;;
KENNEDY;2023-07-10;;13.20833333;;;;;;;;;;;;;;
KENNEDY;2023-07-09;;8.16666667;;;;;;;;;;;;;;
KENNEDY;2023-07-08;;16.875;;;;;;;;;;;;;;
KENNEDY;2023-07-07;;22.95;;;;;;;;;;;;;;
KENNEDY;2023-07-06;;16.32222222;;;;;;;;;;;;;;
KENNEDY;2023-07-05;;24.025;;;;;;;;;;;;;;
KENNEDY;2023-07-04;;24.75833333;;;;;;;;;;;;;;
KENNEDY;2023-07-03;;18.7125;;;;;;;;;;;;;;
KENNEDY;2023-07-02;;15.6375;;;;;;;;;;;;;;
KENNEDY;2023-07-01;;9.42727273;;;;;;;;;;;;;;
KENNEDY;2023-06-30;;16.155;;;;;;;;;;;;;;
KENNEDY;2023-06-29;;11.28333333;;;;;;;;;;;;;;
KENNEDY;2023-06-28;;20.47391304;;;;;;;;;;;;;;
KENNEDY;2023-06-27;;22.34166667;;;;;;;;;;;;;;
KENNEDY;2023-06-26;;14.53478261;;;;;;;;;;;;;;
KENNEDY;2023-06-25;;16.25833333;;;;;;;;;;;;;;
KENNEDY;2023-06-24;;26.40416667;;;;;;;;;;;;;;
KENNEDY;2023-06-23;;19.69583333;;;;;;;;;;;;;;
KENNEDY;2023-06-22;;19.80416667;;;;;;;;;;;;;;
KENNEDY;2023-06-21;;12.75833333;;;;;;;;;;;;;;
KENNEDY;2023-06-20;;8.97083333;;;;;;;;;;;;;;
KENNEDY;2023-06-19;;8.49130435;;;;;;;;;;;;;;
KENNEDY;2023-06-18;;10.72083333;;;;;;;;;;;;;;
KENNEDY;2023-06-17;;14.00416667;;;;;;;;;;;;;;
KENNEDY;2023-06-16;;18.19583333;;;;;;;;;;;;;;
KENNEDY;2023-06-15;;8.35882353;;;;;;;;;;;;;;
KENNEDY;2023-06-14;;9.5;;;;;;;;;;;;;;
KENNEDY;2023-06-13;;5.8875;;;;;;;;;;;;;;
KENNEDY;2023-06-12;;9.41666667;;;;;;;;;;;;;;
KENNEDY;2023-06-11;;23.45;;;;;;;;;;;;;;
KENNEDY;2023-06-10;;25.15;;;;;;;;;;;;;;
KENNEDY;2023-06-09;;27.57083333;;;;;;;;;;;;;;
KENNEDY;2023-06-08;;23.69166667;;;;;;;;;;;;;;
KENNEDY;2023-06-07;;19.22916667;;;;;;;;;;;;;;
KENNEDY;2023-06-06;;36.22666667;;;;;;;;;;;;;;
KENNEDY;2023-06-05;;14.5;;;;;;;;;;;;;;
KENNEDY;2023-06-04;;20.875;;;;;;;;;;;;;;
KENNEDY;2023-06-03;;31.67083333;;;;;;;;;;;;;;
KENNEDY;2023-06-02;;32.05416667;;;;;;;;;;;;;;
KENNEDY;2023-06-01;;12.54583333;;;;;;;;;;;;;;
KENNEDY;2023-05-31;;13.42608696;;;;;;;;;;;;;;
KENNEDY;2023-05-30;;21.58333333;;;;;;;;;;;;;;
KENNEDY;2023-05-29;;27.38571429;;;;;;;;;;;;;;
KENNEDY;2023-05-28;;8.05833333;;;;;;;;;;;;;;
KENNEDY;2023-05-27;;22.45;;;;;;;;;;;;;;
KENNEDY;2023-05-26;;32.34444444;;;;;;;;;;;;;;
KENNEDY;2023-05-25;;16.14;;;;;;;;;;;;;;
KENNEDY;2023-05-24;;20.47916667;;;;;;;;;;;;;;
KENNEDY;2023-05-23;;25.9375;;;;;;;;;;;;;;
KENNEDY;2023-05-22;;16.3875;;;;;;;;;;;;;;
KENNEDY;2023-05-21;;16.85833333;;;;;;;;;;;;;;
KENNEDY;2023-05-20;;21.44166667;;;;;;;;;;;;;;
KENNEDY;2023-05-19;;17.425;;;;;;;;;;;;;;
KENNEDY;2023-05-18;;22.2625;;;;;;;;;;;;;;
KENNEDY;2023-05-17;;28.95;;;;;;;;;;;;;;
KENNEDY;2023-05-16;;23.59583333;;;;;;;;;;;;;;
KENNEDY;2023-05-15;;13.27083333;;;;;;;;;;;;;;
KENNEDY;2023-05-14;;11.30833333;;;;;;;;;;;;;;
KENNEDY;2023-05-13;;16.69583333;;;;;;;;;;;;;;
KENNEDY;2023-05-12;;23.87083333;;;;;;;;;;;;;;
KENNEDY;2023-05-11;;16.68333333;;;;;;;;;;;;;;
KENNEDY;2023-05-10;;19.875;;;;;;;;;;;;;;
KENNEDY;2023-05-09;;16.35416667;;;;;;;;;;;;;;
KENNEDY;2023-05-08;;22.67916667;;;;;;;;;;;;;;
KENNEDY;2023-05-07;;15.48333333;;;;;;;;;;;;;;
KENNEDY;2023-05-06;;20.4125;;;;;;;;;;;;;;
KENNEDY;2023-05-05;;17.59166667;;;;;;;;;;;;;;
KENNEDY;2023-05-04;;20.80833333;;;;;;;;;;;;;;
KENNEDY;2023-05-03;;20.30833333;;;;;;;;;;;;;;
KENNEDY;2023-05-02;;17.96666667;;;;;;;;;;;;;;
KENNEDY;2023-05-01;;12.35416667;;;;;;;;;;;;;;
KENNEDY;2023-04-30;;5.81052632;;;;;;;;;;;;;;
KENNEDY;2023-04-29;;20.97333333;;;;;;;;;;;;;;
KENNEDY;2023-04-28;;23.21363636;;;;;;;;;;;;;;
KENNEDY;2023-04-27;;28.99411765;;;;;;;;;;;;;;
KENNEDY;2023-04-26;;27.57916667;;;;;;;;;;;;;;
KENNEDY;2023-04-25;;22.43333333;;;;;;;;;;;;;;
KENNEDY;2023-04-24;;12.02916667;;;;;;;;;;;;;;
KENNEDY;2023-04-23;;11.92083333;;;;;;;;;;;;;;
KENNEDY;2023-04-22;;19.31666667;;;;;;;;;;;;;;
KENNEDY;2023-04-21;;17.8625;;;;;;;;;;;;;;
KENNEDY;2023-04-20;;25.7125;;;;;;;;;;;;;;
KENNEDY;2023-04-19;;33.025;;;;;;;;;;;;;;
KENNEDY;2023-04-18;;18.33333333;;;;;;;;;;;;;;
KENNEDY;2023-04-17;;18.9875;;;;;;;;;;;;;;
KENNEDY;2023-04-16;;26.3375;;;;;;;;;;;;;;
KENNEDY;2023-04-15;;31.87083333;;;;;;;;;;;;;;
KENNEDY;2023-04-14;;32.975;;;;;;;;;;;;;;
KENNEDY;2023-04-13;;24.25833333;;;;;;;;;;;;;;
KENNEDY;2023-04-12;;19.85;;;;;;;;;;;;;;
KENNEDY;2023-04-11;;16.40416667;;;;;;;;;;;;;;
KENNEDY;2023-04-10;;14.64166667;;;;;;;;;;;;;;
KENNEDY;2023-04-09;;14.14583333;;;;;;;;;;;;;;
KENNEDY;2023-04-08;;19.09166667;;;;;;;;;;;;;;
KENNEDY;2023-04-07;;18.07083333;;;;;;;;;;;;;;
KENNEDY;2023-04-06;;22.12083333;;;;;;;;;;;;;;
KENNEDY;2023-04-05;;32.84583333;;;;;;;;;;;;;;
KENNEDY;2023-04-04;;21.33333333;;;;;;;;;;;;;;
KENNEDY;2023-04-03;;12.16666667;;;;;;;;;;;;;;
KENNEDY;2023-04-02;;12.6;;;;;;;;;;;;;;
KENNEDY;2023-04-01;;30.35416667;;;;;;;;;;;;;;
KENNEDY;2023-03-31;;24.93636364;;;;;;;;;;;;;;
KENNEDY;2023-03-30;;42.12631579;;;;;;;;;;;;;;
KENNEDY;2023-03-29;;32.85416667;;;;;;;;;;;;;;
KENNEDY;2023-03-28;;42.0625;;;;;;;;;;;;;;
KENNEDY;2023-03-27;;43.44583333;;;;;;;;;;;;;;
KENNEDY;2023-03-26;;35.29583333;;;;;;;;;;;;;;
KENNEDY;2023-03-25;;34.36086957;;;;;;;;;;;;;;
KENNEDY;2023-03-24;;44.10833333;;;;;;;;;;;;;;
KENNEDY;2023-03-23;;47.32083333;;;;;;;;;;;;;;
KENNEDY;2023-03-22;;39.54583333;;;;;;;;;;;;;;
KENNEDY;2023-03-21;;36.95;;;;;;;;;;;;;;
KENNEDY;2023-03-20;;29.93913043;;;;;;;;;;;;;;
KENNEDY;2023-03-19;;19.21666667;;;;;;;;;;;;;;
KENNEDY;2023-03-18;;28.89166667;;;;;;;;;;;;;;
KENNEDY;2023-03-17;;31.89583333;;;;;;;;;;;;;;
KENNEDY;2023-03-16;;28.79166667;;;;;;;;;;;;;;
KENNEDY;2023-03-15;;30.7875;;;;;;;;;;;;;;
KENNEDY;2023-03-14;;34.0;;;;;;;;;;;;;;
KENNEDY;2023-03-13;;22.3625;;;;;;;;;;;;;;
KENNEDY;2023-03-12;;22.825;;;;;;;;;;;;;;
KENNEDY;2023-03-11;;23.75833333;;;;;;;;;;;;;;
KENNEDY;2023-03-10;;38.89583333;;;;;;;;;;;;;;
KENNEDY;2023-03-09;;29.86086957;;;;;;;;;;;;;;
KENNEDY;2023-03-08;;31.17916667;;;;;;;;;;;;;;
KENNEDY;2023-03-07;;31.84166667;;;;;;;;;;;;;;
KENNEDY;2023-03-06;;26.15833333;;;;;;;;;;;;;;
KENNEDY;2023-03-05;;14.27647059;;;;;;;;;;;;;;
KENNEDY;2023-03-04;;18.85217391;;;;;;;;;;;;;;
KENNEDY;2023-03-03;;25.20833333;;;;;;;;;;;;;;
KENNEDY;2023-03-02;;26.34347826;;;;;;;;;;;;;;
KENNEDY;2023-03-01;;32.8;;;;;;;;;;;;;;
KENNEDY;2023-02-28;;30.2826087;;;;;;;;;;;;;;
KENNEDY;2023-02-27;;46.5375;;;;;;;;;;;;;;
KENNEDY;2023-02-26;;40.87916667;;;;;;;;;;;;;;
KENNEDY;2023-02-25;;40.25;;;;;;;;;;;;;;
KENNEDY;2023-02-24;;42.35833333;;;;;;;;;;;;;;
KENNEDY;2023-02-23;;43.41666667;;;;;;;;;;;;;;
KENNEDY;2023-02-22;;42.39583333;;;;;;;;;;;;;;
KENNEDY;2023-02-21;;34.24545455;;;;;;;;;;;;;;
KENNEDY;2023-02-20;;33.43333333;;;;;;;;;;;;;;
KENNEDY;2023-02-19;;27.88333333;;;;;;;;;;;;;;
KENNEDY;2023-02-18;;22.37083333;;;;;;;;;;;;;;
KENNEDY;2023-02-17;;29.4875;;;;;;;;;;;;;;
KENNEDY;2023-02-16;;30.29166667;;;;;;;;;;;;;;
KENNEDY;2023-02-15;;30.00416667;;;;;;;;;;;;;;
KENNEDY;2023-02-14;;24.20434783;;;;;;;;;;;;;;
KENNEDY;2023-02-13;;26.7;;;;;;;;;;;;;;
KENNEDY;2023-02-12;;18.85217391;;;;;;;;;;;;;;
KENNEDY;2023-02-11;;23.3125;;;;;;;;;;;;;;
KENNEDY;2023-02-10;;26.775;;;;;;;;;;;;;;
KENNEDY;2023-02-09;;31.44166667;;;;;;;;;;;;;;
KENNEDY;2023-02-08;;32.22083333;;;;;;;;;;;;;;
KENNEDY;2023-02-07;;28.59565217;;;;;;;;;;;;;;
KENNEDY;2023-02-06;;24.2375;;;;;;;;;;;;;;
KENNEDY;2023-02-05;;25.6625;;;;;;;;;;;;;;
KENNEDY;2023-02-04;;33.475;;;;;;;;;;;;;;
KENNEDY;2023-02-03;;37.50454545;;;;;;;;;;;;;;
KENNEDY;2023-02-02;;42.7;;;;;;;;;;;;;;
KENNEDY;2023-02-01;;35.96363636;;;;;;;;;;;;;;
KENNEDY;2023-01-30;;30.42857143;;;;;;;;;;;;;;
KENNEDY;2023-01-29;;29.51666667;;;;;;;;;;;;;;
KENNEDY;2023-01-28;;39.32916667;;;;;;;;;;;;;;
KENNEDY;2023-01-27;;39.47083333;;;;;;;;;;;;;;
KENNEDY;2023-01-26;;33.8625;;;;;;;;;;;;;;
KENNEDY;2023-01-25;;30.82083333;;;;;;;;;;;;;;
KENNEDY;2023-01-24;;17.9375;;;;;;;;;;;;;;
KENNEDY;2023-01-23;;19.54782609;;;;;;;;;;;;;;
KENNEDY;2023-01-22;;17.42083333;;;;;;;;;;;;;;
KENNEDY;2023-01-21;;24.5;;;;;;;;;;;;;;
KENNEDY;2023-01-20;;28.72608696;;;;;;;;;;;;;;
KENNEDY;2023-01-19;;28.57083333;;;;;;;;;;;;;;
KENNEDY;2023-01-18;;27.45652174;;;;;;;;;;;;;;
KENNEDY;2023-01-17;;30.2625;;;;;;;;;;;;;;
KENNEDY;2023-01-16;;25.00833333;;;;;;;;;;;;;;
KENNEDY;2023-01-15;;17.20416667;;;;;;;;;;;;;;
KENNEDY;2023-01-14;;21.07916667;;;;;;;;;;;;;;
KENNEDY;2023-01-13;;24.5875;;;;;;;;;;;;;;
KENNEDY;2023-01-12;;21.9375;;;;;;;;;;;;;;
KENNEDY;2023-01-11;;19.64166667;;;;;;;;;;;;;;
KENNEDY;2023-01-10;;21.6;;;;;;;;;;;;;;
KENNEDY;2023-01-09;;20.36666667;;;;;;;;;;;;;;
KENNEDY;2023-01-08;;14.22083333;;;;;;;;;;;;;;
KENNEDY;2023-01-07;;21.88333333;;;;;;;;;;;;;;
KENNEDY;2023-01-06;;27.55416667;;;;;;;;;;;;;;
KENNEDY;2023-01-05;;24.69583333;;;;;;;;;;;;;;
KENNEDY;2023-01-04;;15.80833333;;;;;;;;;;;;;;
KENNEDY;2023-01-03;;11.01666667;;;;;;;;;;;;;;
KENNEDY;2023-01-02;;16.29166667;;;;;;;;;;;;;;
KENNEDY;2023-01-01;;39.15;;;;;;;;;;;;;;
KENNEDY;2022-12-31;;32.67391304;;;;;;;;;;;;;;
KENNEDY;2022-12-30;;42.025;;;;;;;;;;;;;;
KENNEDY;2022-12-29;;34.85652174;;;;;;;;;;;;;;
KENNEDY;2022-12-28;;38.93333333;;;;;;;;;;;;;;
KENNEDY;2022-12-27;;29.34583333;;;;;;;;;;;;;;
KENNEDY;2022-12-26;;26.13478261;;;;;;;;;;;;;;
KENNEDY;2022-12-25;;37.0;;;;;;;;;;;;;;
KENNEDY;2022-12-24;;36.95652174;;;;;;;;;;;;;;
KENNEDY;2022-12-23;;34.15;;;;;;;;;;;;;;
KENNEDY;2022-12-22;;26.22916667;;;;;;;;;;;;;;
KENNEDY;2022-12-21;;33.06666667;;;;;;;;;;;;;;
KENNEDY;2022-12-20;;30.98333333;;;;;;;;;;;;;;
KENNEDY;2022-12-19;;29.78181818;;;;;;;;;;;;;;
KENNEDY;2022-12-18;;24.34583333;;;;;;;;;;;;;;
KENNEDY;2022-12-17;;26.7;;;;;;;;;;;;;;
KENNEDY;2022-12-16;;38.02083333;;;;;;;;;;;;;;
KENNEDY;2022-12-15;;27.23333333;;;;;;;;;;;;;;
KENNEDY;2022-12-14;;22.73043478;;;;;;;;;;;;;;
KENNEDY;2022-12-13;;30.19166667;;;;;;;;;;;;;;
KENNEDY;2022-12-12;;30.06818182;;;;;;;;;;;;;;
KENNEDY;2022-12-11;;24.27826087;;;;;;;;;;;;;;
KENNEDY;2022-12-10;;39.95833333;;;;;;;;;;;;;;
KENNEDY;2022-12-09;;29.225;;;;;;;;;;;;;;
KENNEDY;2022-12-08;;26.32916667;;;;;;;;;;;;;;
KENNEDY;2022-12-07;;26.66666667;;;;;;;;;;;;;;
KENNEDY;2022-12-06;;26.18333333;;;;;;;;;;;;;;
KENNEDY;2022-12-05;;18.20434783;;;;;;;;;;;;;;
KENNEDY;2022-12-04;;18.5;;;;;;;;;;;;;;
KENNEDY;2022-12-03;;24.8875;;;;;;;;;;;;;;
KENNEDY;2022-12-02;;18.56153846;;;;;;;;;;;;;;
KENNEDY;2022-11-29;;19.48;;;;;;;;;;;;;;
KENNEDY;2022-11-28;;30.71666667;;;;;;;;;;;;;;
KENNEDY;2022-11-27;;25.52083333;;;;;;;;;;;;;;
KENNEDY;2022-11-26;;23.67916667;;;;;;;;;;;;;;
KENNEDY;2022-11-25;;33.85;;;;;;;;;;;;;;
KENNEDY;2022-11-24;;38.17727273;;;;;;;;;;;;;;
KENNEDY;2022-11-23;;26.96363636;;;;;;;;;;;;;;
KENNEDY;2022-11-22;;17.02105263;;;;;;;;;;;;;;
KENNEDY;2022-11-21;;12.75263158;;;;;;;;;;;;;;
KENNEDY;2022-11-20;;12.95;;;;;;;;;;;;;;
KENNEDY;2022-11-19;;14.13333333;;;;;;;;;;;;;;
KENNEDY;2022-11-18;;8.80555556;;;;;;;;;;;;;;
KENNEDY;2022-11-17;;22.93157895;;;;;;;;;;;;;;
KENNEDY;2022-11-16;;15.69583333;;;;;;;;;;;;;;
KENNEDY;2022-11-15;;16.87916667;;;;;;;;;;;;;;
KENNEDY;2022-11-14;;13.32222222;;;;;;;;;;;;;;
KENNEDY;2022-11-13;;13.24583333;;;;;;;;;;;;;;
KENNEDY;2022-11-12;;15.65833333;;;;;;;;;;;;;;
KENNEDY;2022-11-11;;21.6625;;;;;;;;;;;;;;
KENNEDY;2022-11-10;;14.37272727;;;;;;;;;;;;;;
KENNEDY;2022-11-09;;16.2;;;;;;;;;;;;;;
KENNEDY;2022-11-08;;20.56666667;;;;;;;;;;;;;;
KENNEDY;2022-11-07;;20.3;;;;;;;;;;;;;;
KENNEDY;2022-11-06;;16.84782609;;;;;;;;;;;;;;
KENNEDY;2022-11-05;;18.8625;;;;;;;;;;;;;;
KENNEDY;2022-11-04;;15.3375;;;;;;;;;;;;;;
KENNEDY;2022-11-03;;16.875;;;;;;;;;;;;;;
KENNEDY;2022-11-02;;33.62173913;;;;;;;;;;;;;;
KENNEDY;2022-11-01;;25.73333333;;;;;;;;;;;;;;
KENNEDY;2022-10-31;;32.47083333;;;;;;;;;;;;;;
KENNEDY;2022-10-30;;11.09565217;;;;;;;;;;;;;;
KENNEDY;2022-10-29;;10.82173913;;;;;;;;;;;;;;
KENNEDY;2022-10-28;;14.99583333;;;;;;;;;;;;;;
KENNEDY;2022-10-27;;14.25652174;;;;;;;;;;;;;;
KENNEDY;2022-10-26;;13.17826087;;;;;;;;;;;;;;
KENNEDY;2022-10-25;;31.1625;;;;;;;;;;;;;;
KENNEDY;2022-10-24;;15.94285714;;;;;;;;;;;;;;
KENNEDY;2022-10-23;;18.275;;;;;;;;;;;;;;
KENNEDY;2022-10-22;;24.10416667;;;;;;;;;;;;;;
KENNEDY;2022-10-21;;30.0125;;;;;;;;;;;;;;
KENNEDY;2022-10-20;;22.28095238;;;;;;;;;;;;;;
KENNEDY;2022-10-19;;20.69583333;;;;;;;;;;;;;;
KENNEDY;2022-10-18;;16.29583333;;;;;;;;;;;;;;
KENNEDY;2022-10-17;;19.00833333;;;;;;;;;;;;;;
KENNEDY;2022-10-16;;12.325;;;;;;;;;;;;;;
KENNEDY;2022-10-15;;17.0625;;;;;;;;;;;;;;
KENNEDY;2022-10-14;;27.2125;;;;;;;;;;;;;;
KENNEDY;2022-10-13;;25.1;;;;;;;;;;;;;;
KENNEDY;2022-10-12;;22.07826087;;;;;;;;;;;;;;
KENNEDY;2022-10-11;;12.0125;;;;;;;;;;;;;;
KENNEDY;2022-10-10;;12.825;;;;;;;;;;;;;;
KENNEDY;2022-10-09;;10.12083333;;;;;;;;;;;;;;
KENNEDY;2022-10-08;;11.0125;;;;;;;;;;;;;;
KENNEDY;2022-10-07;;22.88636364;;;;;;;;;;;;;;
KENNEDY;2022-10-06;;20.3375;;;;;;;;;;;;;;
KENNEDY;2022-10-05;;22.73333333;;;;;;;;;;;;;;
KENNEDY;2022-10-04;;18.215;;;;;;;;;;;;;;
KENNEDY;2022-10-03;;10.52272727;;;;;;;;;;;;;;
KENNEDY;2022-10-02;;6.72857143;;;;;;;;;;;;;;
KENNEDY;2022-10-01;;6.72916667;;;;;;;;;;;;;;
KENNEDY;2022-09-30;;20.70454545;;;;;;;;;;;;;;
KENNEDY;2022-09-29;;26.80416667;;;;;;;;;;;;;;
KENNEDY;2022-09-28;;40.07142857;;;;;;;;;;;;;;
KENNEDY;2022-09-27;;27.10416667;;;;;;;;;;;;;;
KENNEDY;2022-09-26;;23.87391304;;;;;;;;;;;;;;
KENNEDY;2022-09-25;;19.92173913;;;;;;;;;;;;;;
KENNEDY;2022-09-24;;23.75416667;;;;;;;;;;;;;;
KENNEDY;2022-09-23;;41.95833333;;;;;;;;;;;;;;
KENNEDY;2022-09-22;;29.86923077;;;;;;;;;;;;;;
KENNEDY;2022-08-16;;21.5;;;;;;;;;;;;;;
KENNEDY;2022-08-15;;12.04166667;;;;;;;;;;;;;;
KENNEDY;2022-08-14;;12.375;;;;;;;;;;;;;;
KENNEDY;2022-08-13;;20.04166667;;;;;;;;;;;;;;
KENNEDY;2022-08-12;;26.5;;;;;;;;;;;;;;
KENNEDY;2022-08-11;;13.04166667;;;;;;;;;;;;;;
KENNEDY;2022-08-10;;11.34782609;;;;;;;;;;;;;;
KENNEDY;2022-08-09;;13.7826087;;;;;;;;;;;;;;
KENNEDY;2022-08-08;;14.58333333;;;;;;;;;;;;;;
KENNEDY;2022-08-07;;10.16666667;;;;;;;;;;;;;;
KENNEDY;2022-08-06;;12.41666667;;;;;;;;;;;;;;
KENNEDY;2022-08-05;;23.04166667;;;;;;;;;;;;;;
KENNEDY;2022-08-04;;22.08333333;;;;;;;;;;;;;;
KENNEDY;2022-08-03;;14.86956522;;;;;;;;;;;;;;
KENNEDY;2022-08-02;;15.45833333;;;;;;;;;;;;;;
KENNEDY;2022-08-01;;13.20833333;;;;;;;;;;;;;;
KENNEDY;2022-07-31;;7.86363636;;;;;;;;;;;;;;
KENNEDY;2022-07-30;;15.125;;;;;;;;;;;;;;
KENNEDY;2022-07-29;;22.41666667;;;;;;;;;;;;;;
KENNEDY;2022-07-28;;15.2173913;;;;;;;;;;;;;;
KENNEDY;2022-07-27;;14.04166667;;;;;;;;;;;;;;
KENNEDY;2022-07-26;;19.75;;;;;;;;;;;;;;
KENNEDY;2022-07-25;;13.5;;;;;;;;;;;;;;
KENNEDY;2022-07-24;;12.25;;;;;;;;;;;;;;
KENNEDY;2022-07-23;;28.04166667;;;;;;;;;;;;;;
KENNEDY;2022-07-22;;22.54166667;;;;;;;;;;;;;;
KENNEDY;2022-07-21;;11.54166667;;;;;;;;;;;;;;
KENNEDY;2022-07-20;;7.83333333;;;;;;;;;;;;;;
KENNEDY;2022-07-19;;11.86956522;;;;;;;;;;;;;;
KENNEDY;2022-07-18;;11.33333333;;;;;;;;;;;;;;
KENNEDY;2022-07-17;;7.70833333;;;;;;;;;;;;;;
KENNEDY;2022-07-16;;23.17391304;;;;;;;;;;;;;;
KENNEDY;2022-07-15;;23.54166667;;;;;;;;;;;;;;
KENNEDY;2022-07-14;;27.20833333;;;;;;;;;;;;;;
KENNEDY;2022-07-13;;14.08333333;;;;;;;;;;;;;;
KENNEDY;2022-07-12;;17.91304348;;;;;;;;;;;;;;
KENNEDY;2022-07-11;;12.125;;;;;;;;;;;;;;
KENNEDY;2022-07-10;;11.26086957;;;;;;;;;;;;;;
KENNEDY;2022-07-09;;13.95833333;;;;;;;;;;;;;;
KENNEDY;2022-07-08;;18.33333333;;;;;;;;;;;;;;
KENNEDY;2022-07-07;;22.625;;;;;;;;;;;;;;
KENNEDY;2022-07-06;;13.125;;;;;;;;;;;;;;
KENNEDY;2022-07-05;;18.29166667;;;;;;;;;;;;;;
KENNEDY;2022-07-04;;5.75;;;;;;;;;;;;;;
KENNEDY;2022-07-03;;5.39130435;;;;;;;;;;;;;;
KENNEDY;2022-07-02;;16.625;;;;;;;;;;;;;;
KENNEDY;2022-07-01;;19.5;;;;;;;;;;;;;;
KENNEDY;2022-06-30;;23.39130435;;;;;;;;;;;;;;
KENNEDY;2022-06-29;;24.41666667;;;;;;;;;;;;;;
KENNEDY;2022-06-28;;22.29166667;;;;;;;;;;;;;;
KENNEDY;2022-06-27;;15.0;;;;;;;;;;;;;;
KENNEDY;2022-06-26;;12.06666667;;;;;;;;;;;;;;
KENNEDY;2022-06-25;;15.83333333;;;;;;;;;;;;;;
KENNEDY;2022-06-24;;19.5;;;;;;;;;;;;;;
KENNEDY;2022-06-23;;19.83333333;;;;;;;;;;;;;;
KENNEDY;2022-06-22;;12.5;;;;;;;;;;;;;;
KENNEDY;2022-06-21;;16.375;;;;;;;;;;;;;;
KENNEDY;2022-06-20;;10.58333333;;;;;;;;;;;;;;
KENNEDY;2022-06-19;;13.41666667;;;;;;;;;;;;;;
KENNEDY;2022-06-18;;21.04166667;;;;;;;;;;;;;;
KENNEDY;2022-06-17;;24.66666667;;;;;;;;;;;;;;
KENNEDY;2022-06-16;;23.79166667;;;;;;;;;;;;;;
KENNEDY;2022-06-15;;23.16666667;;;;;;;;;;;;;;
KENNEDY;2022-06-14;;14.45833333;;;;;;;;;;;;;;
KENNEDY;2022-06-13;;12.72727273;;;;;;;;;;;;;;
KENNEDY;2022-06-12;;9.375;;;;;;;;;;;;;;
KENNEDY;2022-06-11;;12.375;;;;;;;;;;;;;;
KENNEDY;2022-06-10;;23.86956522;;;;;;;;;;;;;;
KENNEDY;2022-06-09;;26.79166667;;;;;;;;;;;;;;
KENNEDY;2022-06-08;;21.875;;;;;;;;;;;;;;
KENNEDY;2022-06-07;;10.54166667;;;;;;;;;;;;;;
KENNEDY;2022-06-06;;21.70833333;;;;;;;;;;;;;;
KENNEDY;2022-06-05;;12.375;;;;;;;;;;;;;;
KENNEDY;2022-06-04;;25.56521739;;;;;;;;;;;;;;
KENNEDY;2022-06-03;;17.65217391;;;;;;;;;;;;;;
KENNEDY;2022-06-02;;25.0;;;;;;;;;;;;;;
KENNEDY;2022-05-31;;18.8;;;;;;;;;;;;;;
KENNEDY;2022-05-30;;10.66666667;;;;;;;;;;;;;;
KENNEDY;2022-05-29;;11.86956522;;;;;;;;;;;;;;
KENNEDY;2022-05-28;;15.0;;;;;;;;;;;;;;
KENNEDY;2022-05-27;;13.04166667;;;;;;;;;;;;;;
KENNEDY;2022-05-26;;10.82608696;;;;;;;;;;;;;;
KENNEDY;2022-05-25;;12.04545455;;;;;;;;;;;;;;
KENNEDY;2022-05-24;;18.25;;;;;;;;;;;;;;
KENNEDY;2022-05-23;;22.41666667;;;;;;;;;;;;;;
KENNEDY;2022-05-22;;18.04347826;;;;;;;;;;;;;;
KENNEDY;2022-05-21;;14.0;;;;;;;;;;;;;;
KENNEDY;2022-05-20;;11.83043478;;;;;;;;;;;;;;
KENNEDY;2022-05-19;;12.91666667;;;;;;;;;;;;;;
KENNEDY;2022-05-18;;24.625;;;;;;;;;;;;;;
KENNEDY;2022-05-17;;12.80952381;;;;;;;;;;;;;;
KENNEDY;2022-05-16;;11.29166667;;;;;;;;;;;;;;
KENNEDY;2022-05-15;;12.08333333;;;;;;;;;;;;;;
KENNEDY;2022-05-14;;16.0;;;;;;;;;;;;;;
KENNEDY;2022-05-13;;13.83333333;;;;;;;;;;;;;;
KENNEDY;2022-05-12;;17.0;;;;;;;;;;;;;;
KENNEDY;2022-05-11;;17.66666667;;;;;;;;;;;;;;
KENNEDY;2022-05-10;;23.41666667;;;;;;;;;;;;;;
KENNEDY;2022-05-09;;23.875;;;;;;;;;;;;;;
KENNEDY;2022-05-08;;21.25;;;;;;;;;;;;;;
KENNEDY;2022-05-07;;21.5;;;;;;;;;;;;;;
KENNEDY;2022-05-06;;22.08333333;;;;;;;;;;;;;;
KENNEDY;2022-05-05;;23.66666667;;;;;;;;;;;;;;
KENNEDY;2022-05-04;;20.625;;;;;;;;;;;;;;
KENNEDY;2022-05-03;;19.86956522;;;;;;;;;;;;;;
KENNEDY;2022-05-02;;13.0;;;;;;;;;;;;;;
KENNEDY;2022-05-01;;14.08695652;;;;;;;;;;;;;;
KENNEDY;2022-04-30;;11.13043478;;;;;;;;;;;;;;
KENNEDY;2022-04-29;;23.33333333;;;;;;;;;;;;;;
KENNEDY;2022-04-28;;29.41666667;;;;;;;;;;;;;;
KENNEDY;2022-04-27;;28.20833333;;;;;;;;;;;;;;
KENNEDY;2022-04-26;;28.45833333;;;;;;;;;;;;;;
KENNEDY;2022-04-25;;20.5;;;;;;;;;;;;;;
KENNEDY;2022-04-24;;22.20833333;;;;;;;;;;;;;;
KENNEDY;2022-04-23;;13.75;;;;;;;;;;;;;;
KENNEDY;2022-04-22;;13.43478261;;;;;;;;;;;;;;
KENNEDY;2022-04-21;;13.45833333;;;;;;;;;;;;;;
KENNEDY;2022-04-20;;14.56521739;;;;;;;;;;;;;;
KENNEDY;2022-04-19;;17.25;;;;;;;;;;;;;;
KENNEDY;2022-04-18;;19.08333333;;;;;;;;;;;;;;
KENNEDY;2022-04-17;;11.39130435;;;;;;;;;;;;;;
KENNEDY;2022-04-16;;15.70833333;;;;;;;;;;;;;;
KENNEDY;2022-04-15;;22.41666667;;;;;;;;;;;;;;
KENNEDY;2022-04-14;;26.75;;;;;;;;;;;;;;
KENNEDY;2022-04-13;;28.58333333;;;;;;;;;;;;;;
KENNEDY;2022-04-12;;19.08333333;;;;;;;;;;;;;;
KENNEDY;2022-04-11;;23.04166667;;;;;;;;;;;;;;
KENNEDY;2022-04-10;;22.625;;;;;;;;;;;;;;
KENNEDY;2022-04-09;;23.95833333;;;;;;;;;;;;;;
KENNEDY;2022-04-08;;24.29166667;;;;;;;;;;;;;;
KENNEDY;2022-04-07;;18.79166667;;;;;;;;;;;;;;
KENNEDY;2022-04-06;;14.47826087;;;;;;;;;;;;;;
KENNEDY;2022-04-05;;16.54166667;;;;;;;;;;;;;;
KENNEDY;2022-04-04;;23.91666667;;;;;;;;;;;;;;
KENNEDY;2022-04-03;;28.79166667;;;;;;;;;;;;;;
KENNEDY;2022-04-02;;25.47826087;;;;;;;;;;;;;;
KENNEDY;2022-04-01;;26.58333333;;;;;;;;;;;;;;
KENNEDY;2022-03-31;;22.82608696;;;;;;;;;;;;;;
KENNEDY;2022-03-30;;21.625;;;;;;;;;;;;;;
KENNEDY;2022-03-29;;19.20833333;;;;;;;;;;;;;;
KENNEDY;2022-03-28;;23.20833333;;;;;;;;;;;;;;
KENNEDY;2022-03-27;;17.29166667;;;;;;;;;;;;;;
KENNEDY;2022-03-26;;33.45833333;;;;;;;;;;;;;;
KENNEDY;2022-03-25;;29.375;;;;;;;;;;;;;;
KENNEDY;2022-03-24;;25.45833333;;;;;;;;;;;;;;
KENNEDY;2022-03-23;;34.26086957;;;;;;;;;;;;;;
KENNEDY;2022-03-22;;26.5;;;;;;;;;;;;;;
KENNEDY;2022-03-21;;20.91666667;;;;;;;;;;;;;;
KENNEDY;2022-03-20;;27.625;;;;;;;;;;;;;;
KENNEDY;2022-03-19;;29.625;;;;;;;;;;;;;;
KENNEDY;2022-03-18;;35.41666667;;;;;;;;;;;;;;
KENNEDY;2022-03-17;;34.29166667;;;;;;;;;;;;;;
KENNEDY;2022-03-16;;33.54166667;;;;;;;;;;;;;;
KENNEDY;2022-03-15;;30.91666667;;;;;;;;;;;;;;
KENNEDY;2022-03-14;;28.29166667;;;;;;;;;;;;;;
KENNEDY;2022-03-13;;20.08333333;;;;;;;;;;;;;;
KENNEDY;2022-03-12;;32.45833333;;;;;;;;;;;;;;
KENNEDY;2022-03-11;;39.45833333;;;;;;;;;;;;;;
KENNEDY;2022-03-10;;33.625;;;;;;;;;;;;;;
KENNEDY;2022-03-09;;34.66666667;;;;;;;;;;;;;;
KENNEDY;2022-03-08;;20.95833333;;;;;;;;;;;;;;
KENNEDY;2022-03-07;;10.81818182;;;;;;;;;;;;;;
KENNEDY;2022-03-06;;13.58333333;;;;;;;;;;;;;;
KENNEDY;2022-03-05;;23.45833333;;;;;;;;;;;;;;
KENNEDY;2022-03-04;;28.29166667;;;;;;;;;;;;;;
KENNEDY;2022-03-03;;24.79166667;;;;;;;;;;;;;;
KENNEDY;2022-03-02;;19.58333333;;;;;;;;;;;;;;
KENNEDY;2022-03-01;;15.91666667;;;;;;;;;;;;;;
KENNEDY;2022-02-28;;13.69565217;;;;;;;;;;;;;;
KENNEDY;2022-02-27;;21.15416667;;;;;;;;;;;;;;
KENNEDY;2022-02-26;;21.58333333;;;;;;;;;;;;;;
KENNEDY;2022-02-25;;28.5;;;;;;;;;;;;;;
KENNEDY;2022-02-24;;33.29166667;;;;;;;;;;;;;;
KENNEDY;2022-02-23;;35.0;;;;;;;;;;;;;;
KENNEDY;2022-02-22;;32.08333333;;;;;;;;;;;;;;
KENNEDY;2022-02-21;;16.41666667;;;;;;;;;;;;;;
KENNEDY;2022-02-20;;17.04166667;;;;;;;;;;;;;;
KENNEDY;2022-02-19;;20.75;;;;;;;;;;;;;;
KENNEDY;2022-02-18;;29.17391304;;;;;;;;;;;;;;
KENNEDY;2022-02-17;;28.30434783;;;;;;;;;;;;;;
KENNEDY;2022-02-16;;25.41666667;;;;;;;;;;;;;;
KENNEDY;2022-02-15;;23.79166667;;;;;;;;;;;;;;
KENNEDY;2022-02-14;;22.45833333;;;;;;;;;;;;;;
KENNEDY;2022-02-13;;18.95833333;;;;;;;;;;;;;;
KENNEDY;2022-02-12;;25.79166667;;;;;;;;;;;;;;
KENNEDY;2022-02-11;;34.52173913;;;;;;;;;;;;;;
KENNEDY;2022-02-10;;29.69565217;;;;;;;;;;;;;;
KENNEDY;2022-02-09;;26.58333333;;;;;;;;;;;;;;
KENNEDY;2022-02-08;;26.72727273;;;;;;;;;;;;;;
KENNEDY;2022-02-07;;24.25;;;;;;;;;;;;;;
KENNEDY;2022-02-06;;18.70833333;;;;;;;;;;;;;;
KENNEDY;2022-02-05;;28.33333333;;;;;;;;;;;;;;
KENNEDY;2022-02-04;;43.625;;;;;;;;;;;;;;
KENNEDY;2022-02-03;;41.5;;;;;;;;;;;;;;
KENNEDY;2022-02-02;;27.58333333;;;;;;;;;;;;;;
KENNEDY;2022-02-01;;37.5;;;;;;;;;;;;;;
KENNEDY;2022-01-31;;19.82608696;;;;;;;;;;;;;;
KENNEDY;2022-01-30;;16.45833333;;;;;;;;;;;;;;
KENNEDY;2022-01-29;;19.375;;;;;;;;;;;;;;
KENNEDY;2022-01-28;;23.08333333;;;;;;;;;;;;;;
KENNEDY;2022-01-27;;28.45833333;;;;;;;;;;;;;;
KENNEDY;2022-01-26;;30.04166667;;;;;;;;;;;;;;
KENNEDY;2022-01-25;;26.54166667;;;;;;;;;;;;;;
KENNEDY;2022-01-24;;27.66666667;;;;;;;;;;;;;;
KENNEDY;2022-01-23;;21.625;;;;;;;;;;;;;;
KENNEDY;2022-01-22;;29.54166667;;;;;;;;;;;;;;
KENNEDY;2022-01-21;;26.33333333;;;;;;;;;;;;;;
KENNEDY;2022-01-20;;15.91666667;;;;;;;;;;;;;;
KENNEDY;2022-01-19;;24.45454545;;;;;;;;;;;;;;
KENNEDY;2022-01-18;;26.375;;;;;;;;;;;;;;
KENNEDY;2022-01-17;;29.86956522;;;;;;;;;;;;;;
KENNEDY;2022-01-16;;21.45833333;;;;;;;;;;;;;;
KENNEDY;2022-01-15;;18.0;;;;;;;;;;;;;;
KENNEDY;2022-01-14;;18.0;;;;;;;;;;;;;;
KENNEDY;2022-01-13;;19.16666667;;;;;;;;;;;;;;
KENNEDY;2022-01-12;;17.75;;;;;;;;;;;;;;
KENNEDY;2022-01-11;;16.08333333;;;;;;;;;;;;;;
KENNEDY;2022-01-10;;24.66666667;;;;;;;;;;;;;;
KENNEDY;2022-01-09;;26.75;;;;;;;;;;;;;;
KENNEDY;2022-01-08;;35.83333333;;;;;;;;;;;;;;
KENNEDY;2022-01-07;;28.04166667;;;;;;;;;;;;;;
KENNEDY;2022-01-06;;19.58333333;;;;;;;;;;;;;;
KENNEDY;2022-01-05;;27.91304348;;;;;;;;;;;;;;
KENNEDY;2022-01-04;;23.95833333;;;;;;;;;;;;;;
KENNEDY;2022-01-03;;19.875;;;;;;;;;;;;;;
KENNEDY;2022-01-02;;19.5;;;;;;;;;;;;;;
KENNEDY;2022-01-01;;30.7826087;;;;;;;;;;;;;;
KENNEDY;2021-12-31;;23.73913043;;;;;;;;;;;;;;
KENNEDY;2021-12-30;;25.0;;;;;;;;;;;;;;
KENNEDY;2021-12-29;;28.79166667;;;;;;;;;;;;;;
KENNEDY;2021-12-28;;33.95833333;;;;;;;;;;;;;;
KENNEDY;2021-12-27;;21.45833333;;;;;;;;;;;;;;
KENNEDY;2021-12-26;;10.125;;;;;;;;;;;;;;
KENNEDY;2021-12-25;;29.79166667;;;;;;;;;;;;;;
KENNEDY;2021-12-24;;36.0;;;;;;;;;;;;;;
KENNEDY;2021-12-23;;29.66666667;;;;;;;;;;;;;;
KENNEDY;2021-12-22;;15.41666667;;;;;;;;;;;;;;
KENNEDY;2021-12-21;;28.66666667;;;;;;;;;;;;;;
KENNEDY;2021-12-20;;29.0;;;;;;;;;;;;;;
KENNEDY;2021-12-19;;24.5;;;;;;;;;;;;;;
KENNEDY;2021-12-18;;21.16666667;;;;;;;;;;;;;;
KENNEDY;2021-12-17;;30.70833333;;;;;;;;;;;;;;
KENNEDY;2021-12-16;;23.375;;;;;;;;;;;;;;
KENNEDY;2021-12-15;;37.125;;;;;;;;;;;;;;
KENNEDY;2021-12-14;;33.33333333;;;;;;;;;;;;;;
KENNEDY;2021-12-13;;29.75;;;;;;;;;;;;;;
KENNEDY;2021-12-12;;17.54166667;;;;;;;;;;;;;;
KENNEDY;2021-12-11;;20.04166667;;;;;;;;;;;;;;
KENNEDY;2021-12-10;;25.04166667;;;;;;;;;;;;;;
KENNEDY;2021-12-09;;30.33333333;;;;;;;;;;;;;;
KENNEDY;2021-12-08;;40.375;;;;;;;;;;;;;;
KENNEDY;2021-12-07;;27.375;;;;;;;;;;;;;;
KENNEDY;2021-12-06;;20.95833333;;;;;;;;;;;;;;
KENNEDY;2021-12-05;;17.54166667;;;;;;;;;;;;;;
KENNEDY;2021-12-04;;20.58333333;;;;;;;;;;;;;;
KENNEDY;2021-12-03;;23.75;;;;;;;;;;;;;;
KENNEDY;2021-12-02;;25.25;;;;;;;;;;;;;;
KENNEDY;2021-12-01;;29.08333333;;;;;;;;;;;;;;
KENNEDY;2021-11-30;;14.86363636;;;;;;;;;;;;;;
KENNEDY;2021-11-29;;18.625;;;;;;;;;;;;;;
KENNEDY;2021-11-28;;21.79166667;;;;;;;;;;;;;;
KENNEDY;2021-11-27;;26.58333333;;;;;;;;;;;;;;
KENNEDY;2021-11-26;;30.54166667;;;;;;;;;;;;;;
KENNEDY;2021-11-25;;17.70833333;;;;;;;;;;;;;;
KENNEDY;2021-11-24;;22.08333333;;;;;;;;;;;;;;
KENNEDY;2021-11-23;;23.04166667;;;;;;;;;;;;;;
KENNEDY;2021-11-22;;30.91666667;;;;;;;;;;;;;;
KENNEDY;2021-11-21;;20.875;;;;;;;;;;;;;;
KENNEDY;2021-11-20;;33.66666667;;;;;;;;;;;;;;
KENNEDY;2021-11-19;;32.34166667;;;;;;;;;;;;;;
KENNEDY;2021-11-18;;20.79166667;;;;;;;;;;;;;;
KENNEDY;2021-11-17;;19.58333333;;;;;;;;;;;;;;
KENNEDY;2021-11-16;;23.04166667;;;;;;;;;;;;;;
KENNEDY;2021-11-15;;27.625;;;;;;;;;;;;;;
KENNEDY;2021-11-14;;28.04166667;;;;;;;;;;;;;;
KENNEDY;2021-11-13;;24.66666667;;;;;;;;;;;;;;
KENNEDY;2021-11-12;;28.20833333;;;;;;;;;;;;;;
KENNEDY;2021-11-11;;20.20833333;;;;;;;;;;;;;;
KENNEDY;2021-11-10;;26.20833333;;;;;;;;;;;;;;
KENNEDY;2021-11-09;;23.29166667;;;;;;;;;;;;;;
KENNEDY;2021-11-08;;31.625;;;;;;;;;;;;;;
KENNEDY;2021-11-07;;21.625;;;;;;;;;;;;;;
KENNEDY;2021-11-06;;27.60869565;;;;;;;;;;;;;;
KENNEDY;2021-11-05;;33.70833333;;;;;;;;;;;;;;
KENNEDY;2021-11-04;;26.125;;;;;;;;;;;;;;
KENNEDY;2021-11-03;;20.375;;;;;;;;;;;;;;
KENNEDY;2021-11-02;;16.29166667;;;;;;;;;;;;;;
KENNEDY;2021-11-01;;15.95454545;;;;;;;;;;;;;;
KENNEDY;2021-10-31;;14.36363636;;;;;;;;;;;;;;
KENNEDY;2021-10-30;;17.41666667;;;;;;;;;;;;;;
KENNEDY;2021-10-29;;23.375;;;;;;;;;;;;;;
KENNEDY;2021-10-28;;24.26086957;;;;;;;;;;;;;;
KENNEDY;2021-10-27;;24.58333333;;;;;;;;;;;;;;
KENNEDY;2021-10-26;;16.375;;;;;;;;;;;;;;
KENNEDY;2021-10-25;;20.16666667;;;;;;;;;;;;;;
KENNEDY;2021-10-24;;24.08333333;;;;;;;;;;;;;;
KENNEDY;2021-10-23;;21.375;;;;;;;;;;;;;;
KENNEDY;2021-10-22;;39.04166667;;;;;;;;;;;;;;
KENNEDY;2021-10-21;;26.17391304;;;;;;;;;;;;;;
KENNEDY;2021-10-20;;30.33333333;;;;;;;;;;;;;;
KENNEDY;2021-10-19;;26.875;;;;;;;;;;;;;;
KENNEDY;2021-10-18;;18.83333333;;;;;;;;;;;;;;
KENNEDY;2021-10-17;;11.33333333;;;;;;;;;;;;;;
KENNEDY;2021-10-16;;23.13043478;;;;;;;;;;;;;;
KENNEDY;2021-10-15;;24.375;;;;;;;;;;;;;;
KENNEDY;2021-10-14;;40.5;;;;;;;;;;;;;;
KENNEDY;2021-10-13;;29.5;;;;;;;;;;;;;;
KENNEDY;2021-10-12;;15.75;;;;;;;;;;;;;;
KENNEDY;2021-10-11;;23.56521739;;;;;;;;;;;;;;
KENNEDY;2021-10-10;;18.375;;;;;;;;;;;;;;
KENNEDY;2021-10-09;;15.33333333;;;;;;;;;;;;;;
KENNEDY;2021-10-08;;22.41666667;;;;;;;;;;;;;;
KENNEDY;2021-10-07;;14.5;;;;;;;;;;;;;;
KENNEDY;2021-10-06;;18.26086957;;;;;;;;;;;;;;
KENNEDY;2021-10-05;;18.20833333;;;;;;;;;;;;;;
KENNEDY;2021-10-04;;27.47826087;;;;;;;;;;;;;;
KENNEDY;2021-10-03;;22.625;;;;;;;;;;;;;;
KENNEDY;2021-10-02;;26.83333333;;;;;;;;;;;;;;
KENNEDY;2021-10-01;;24.0;;;;;;;;;;;;;;
KENNEDY;2021-09-30;;21.34782609;;;;;;;;;;;;;;
KENNEDY;2021-09-29;;21.79166667;;;;;;;;;;;;;;
KENNEDY;2021-09-28;;15.66666667;;;;;;;;;;;;;;
KENNEDY;2021-09-27;;19.58333333;;;;;;;;;;;;;;
KENNEDY;2021-09-26;;12.625;;;;;;;;;;;;;;
KENNEDY;2021-09-25;;13.45833333;;;;;;;;;;;;;;
KENNEDY;2021-09-24;;17.33333333;;;;;;;;;;;;;;
KENNEDY;2021-09-23;;16.34782609;;;;;;;;;;;;;;
KENNEDY;2021-09-22;;21.95833333;;;;;;;;;;;;;;
KENNEDY;2021-09-21;;21.83333333;;;;;;;;;;;;;;
KENNEDY;2021-09-20;;23.25;;;;;;;;;;;;;;
KENNEDY;2021-09-19;;26.08333333;;;;;;;;;;;;;;
KENNEDY;2021-09-18;;24.33333333;;;;;;;;;;;;;;
KENNEDY;2021-09-17;;13.86956522;;;;;;;;;;;;;;
KENNEDY;2021-09-16;;16.52173913;;;;;;;;;;;;;;
KENNEDY;2021-09-15;;23.95833333;;;;;;;;;;;;;;
KENNEDY;2021-09-14;;19.70833333;;;;;;;;;;;;;;
KENNEDY;2021-09-13;;21.375;;;;;;;;;;;;;;
KENNEDY;2021-09-12;;11.66666667;;;;;;;;;;;;;;
KENNEDY;2021-09-11;;13.45833333;;;;;;;;;;;;;;
KENNEDY;2021-09-10;;17.79166667;;;;;;;;;;;;;;
KENNEDY;2021-09-09;;21.625;;;;;;;;;;;;;;
KENNEDY;2021-09-08;;18.91666667;;;;;;;;;;;;;;
KENNEDY;2021-09-07;;21.52380952;;;;;;;;;;;;;;
KENNEDY;2021-09-06;;17.20833333;;;;;;;;;;;;;;
KENNEDY;2021-09-05;;19.5;;;;;;;;;;;;;;
KENNEDY;2021-09-04;;21.75;;;;;;;;;;;;;;
KENNEDY;2021-09-03;;23.25;;;;;;;;;;;;;;
KENNEDY;2021-09-02;;26.0;;;;;;;;;;;;;;
KENNEDY;2021-09-01;;18.83333333;;;;;;;;;;;;;;
KENNEDY;2021-08-31;;18.29166667;;;;;;;;;;;;;;
KENNEDY;2021-08-30;;14.79166667;;;;;;;;;;;;;;
KENNEDY;2021-08-29;;15.79166667;;;;;;;;;;;;;;
KENNEDY;2021-08-28;;18.83333333;;;;;;;;;;;;;;
KENNEDY;2021-08-27;;24.66666667;;;;;;;;;;;;;;
KENNEDY;2021-08-26;;23.16666667;;;;;;;;;;;;;;
KENNEDY;2021-08-25;;20.16666667;;;;;;;;;;;;;;
KENNEDY;2021-08-24;;23.79166667;;;;;;;;;;;;;;
KENNEDY;2021-08-23;;20.58333333;;;;;;;;;;;;;;
KENNEDY;2021-08-22;;13.26086957;;;;;;;;;;;;;;
KENNEDY;2021-08-21;;31.95833333;;;;;;;;;;;;;;
KENNEDY;2021-08-20;;29.75;;;;;;;;;;;;;;
KENNEDY;2021-08-19;;15.41666667;;;;;;;;;;;;;;
KENNEDY;2021-08-18;;20.0;;;;;;;;;;;;;;
KENNEDY;2021-08-17;;21.20833333;;;;;;;;;;;;;;
KENNEDY;2021-08-16;;19.26086957;;;;;;;;;;;;;;
KENNEDY;2021-08-15;;16.41666667;;;;;;;;;;;;;;
KENNEDY;2021-08-14;;21.32083333;;;;;;;;;;;;;;
KENNEDY;2021-08-13;;17.5;;;;;;;;;;;;;;
KENNEDY;2021-08-12;;21.91666667;;;;;;;;;;;;;;
KENNEDY;2021-08-11;;13.45454545;;;;;;;;;;;;;;
KENNEDY;2021-08-10;;12.54545455;;;;;;;;;;;;;;
KENNEDY;2021-08-09;;18.625;;;;;;;;;;;;;;
KENNEDY;2021-08-08;;24.86363636;;;;;;;;;;;;;;
KENNEDY;2021-08-07;;26.79166667;;;;;;;;;;;;;;
KENNEDY;2021-08-06;;19.66666667;;;;;;;;;;;;;;
KENNEDY;2021-08-05;;18.79166667;;;;;;;;;;;;;;
KENNEDY;2021-08-04;;19.7173913;;;;;;;;;;;;;;
KENNEDY;2021-08-03;;15.5;;;;;;;;;;;;;;
KENNEDY;2021-08-02;;9.2173913;;;;;;;;;;;;;;
KENNEDY;2021-08-01;;8.66666667;;;;;;;;;;;;;;
KENNEDY;2021-07-31;;14.17391304;;;;;;;;;;;;;;
KENNEDY;2021-07-30;;12.66666667;;;;;;;;;;;;;;
KENNEDY;2021-07-29;;12.33333333;;;;;;;;;;;;;;
KENNEDY;2021-07-28;;15.69565217;;;;;;;;;;;;;;
KENNEDY;2021-07-27;;14.56521739;;;;;;;;;;;;;;
KENNEDY;2021-07-26;;22.52173913;;;;;;;;;;;;;;
KENNEDY;2021-07-25;;16.45833333;;;;;;;;;;;;;;
KENNEDY;2021-07-24;;16.16666667;;;;;;;;;;;;;;
KENNEDY;2021-07-23;;8.33333333;;;;;;;;;;;;;;
KENNEDY;2021-07-22;;9.04347826;;;;;;;;;;;;;;
KENNEDY;2021-07-21;;6.84210526;;;;;;;;;;;;;;
KENNEDY;2021-07-20;;3.0;;;;;;;;;;;;;;
KENNEDY;2021-07-19;;6.52173913;;;;;;;;;;;;;;
KENNEDY;2021-07-18;;5.41176471;;;;;;;;;;;;;;
KENNEDY;2021-07-17;;10.36363636;;;;;;;;;;;;;;
KENNEDY;2021-07-16;;12.08333333;;;;;;;;;;;;;;
KENNEDY;2021-07-15;;15.91304348;;;;;;;;;;;;;;
KENNEDY;2021-07-14;;17.79166667;;;;;;;;;;;;;;
KENNEDY;2021-07-13;;12.45833333;;;;;;;;;;;;;;
KENNEDY;2021-07-12;;8.5;;;;;;;;;;;;;;
KENNEDY;2021-07-11;;4.86956522;;;;;;;;;;;;;;
KENNEDY;2021-07-10;;9.41666667;;;;;;;;;;;;;;
KENNEDY;2021-07-09;;13.73913043;;;;;;;;;;;;;;
KENNEDY;2021-07-08;;10.375;;;;;;;;;;;;;;
KENNEDY;2021-07-07;;10.95652174;;;;;;;;;;;;;;
KENNEDY;2021-07-06;;7.55555556;;;;;;;;;;;;;;
KENNEDY;2021-07-05;;8.14285714;;;;;;;;;;;;;;
KENNEDY;2021-07-04;;5.75;;;;;;;;;;;;;;
KENNEDY;2021-07-03;;8.73913043;;;;;;;;;;;;;;
KENNEDY;2021-07-02;;14.35714286;;;;;;;;;;;;;;
KENNEDY;2021-06-27;;17.88888889;;;;;;;;;;;;;;
KENNEDY;2021-06-26;;29.91666667;;;;;;;;;;;;;;
KENNEDY;2021-06-25;;28.70833333;;;;;;;;;;;;;;
KENNEDY;2021-06-24;;20.83333333;;;;;;;;;;;;;;
KENNEDY;2021-06-23;;25.66666667;;;;;;;;;;;;;;
KENNEDY;2021-06-22;;13.75;;;;;;;;;;;;;;
KENNEDY;2021-06-21;;9.25;;;;;;;;;;;;;;
KENNEDY;2021-06-20;;7.18181818;;;;;;;;;;;;;;
KENNEDY;2021-06-19;;9.36363636;;;;;;;;;;;;;;
KENNEDY;2021-06-18;;10.95;;;;;;;;;;;;;;
KENNEDY;2021-06-13;;8.82666667;;;;;;;;;;;;;;
KENNEDY;2021-06-12;;16.39583333;;;;;;;;;;;;;;
KENNEDY;2021-06-11;;40.70833333;;;;;;;;;;;;;;
KENNEDY;2021-06-10;;22.7826087;;;;;;;;;;;;;;
KENNEDY;2021-06-09;;19.41666667;;;;;;;;;;;;;;
KENNEDY;2021-06-08;;10.66666667;;;;;;;;;;;;;;
KENNEDY;2021-06-07;;8.05555556;;;;;;;;;;;;;;
KENNEDY;2021-06-06;;9.60869565;;;;;;;;;;;;;;
KENNEDY;2021-06-05;;14.79166667;;;;;;;;;;;;;;
KENNEDY;2021-06-04;;15.625;;;;;;;;;;;;;;
KENNEDY;2021-06-03;;16.39130435;;;;;;;;;;;;;;
KENNEDY;2021-06-02;;24.25;;;;;;;;;;;;;;
KENNEDY;2021-06-01;;17.58333333;;;;;;;;;;;;;;
KENNEDY;2021-05-31;;14.4;;;;;;;;;;;;;;
KENNEDY;2021-05-30;;14.27272727;;;;;;;;;;;;;;
KENNEDY;2021-05-29;;13.0;;;;;;;;;;;;;;
KENNEDY;2021-05-28;;23.54166667;;;;;;;;;;;;;;
KENNEDY;2021-05-27;;14.58333333;;;;;;;;;;;;;;
KENNEDY;2021-05-26;;12.38095238;;;;;;;;;;;;;;
KENNEDY;2021-05-25;;13.0952381;;;;;;;;;;;;;;
KENNEDY;2021-05-24;;13.72727273;;;;;;;;;;;;;;
KENNEDY;2021-05-23;;8.57727273;;;;;;;;;;;;;;
KENNEDY;2021-05-22;;20.04761905;;;;;;;;;;;;;;
KENNEDY;2021-05-21;;14.81818182;;;;;;;;;;;;;;
KENNEDY;2021-05-20;;14.0;;;;;;;;;;;;;;
KENNEDY;2021-05-19;;17.04347826;;;;;;;;;;;;;;
KENNEDY;2021-05-18;;13.35714286;;;;;;;;;;;;;;
KENNEDY;2021-05-14;;16.2;;;;;;;;;;;;;;
KENNEDY;2021-05-13;;11.54545455;;;;;;;;;;;;;;
KENNEDY;2021-05-12;;10.66666667;;;;;;;;;;;;;;
KENNEDY;2021-05-11;;13.55;;;;;;;;;;;;;;
KENNEDY;2021-05-10;;10.69565217;;;;;;;;;;;;;;
KENNEDY;2021-05-09;;10.91666667;;;;;;;;;;;;;;
KENNEDY;2021-05-08;;19.04166667;;;;;;;;;;;;;;
KENNEDY;2021-05-07;;15.45833333;;;;;;;;;;;;;;
KENNEDY;2021-05-06;;19.16666667;;;;;;;;;;;;;;
KENNEDY;2021-05-05;;19.625;;;;;;;;;;;;;;
KENNEDY;2021-05-04;;17.125;;;;;;;;;;;;;;
KENNEDY;2021-05-03;;13.2173913;;;;;;;;;;;;;;
KENNEDY;2021-05-02;;13.79166667;;;;;;;;;;;;;;
KENNEDY;2021-05-01;;26.875;;;;;;;;;;;;;;
KENNEDY;2021-04-30;;11.43684211;;;;;;;;;;;;;;
KENNEDY;2021-04-29;;13.5;;;;;;;;;;;;;;
KENNEDY;2021-04-28;;15.58333333;;;;;;;;;;;;;;
KENNEDY;2021-04-27;;19.80952381;;;;;;;;;;;;;;
KENNEDY;2021-04-26;;22.58333333;;;;;;;;;;;;;;
KENNEDY;2021-04-25;;24.83333333;;;;;;;;;;;;;;
KENNEDY;2021-04-24;;32.04166667;;;;;;;;;;;;;;
KENNEDY;2021-04-23;;23.08333333;;;;;;;;;;;;;;
KENNEDY;2021-04-22;;33.95833333;;;;;;;;;;;;;;
KENNEDY;2021-04-21;;28.875;;;;;;;;;;;;;;
KENNEDY;2021-04-20;;21.91666667;;;;;;;;;;;;;;
KENNEDY;2021-04-19;;22.45833333;;;;;;;;;;;;;;
KENNEDY;2021-04-18;;15.45454545;;;;;;;;;;;;;;
KENNEDY;2021-04-17;;12.83333333;;;;;;;;;;;;;;
KENNEDY;2021-04-16;;20.375;;;;;;;;;;;;;;
KENNEDY;2021-04-15;;18.91304348;;;;;;;;;;;;;;
KENNEDY;2021-04-14;;17.91666667;;;;;;;;;;;;;;
KENNEDY;2021-04-13;;19.375;;;;;;;;;;;;;;
KENNEDY;2021-04-12;;16.45833333;;;;;;;;;;;;;;
KENNEDY;2021-04-11;;14.54166667;;;;;;;;;;;;;;
KENNEDY;2021-04-10;;26.58333333;;;;;;;;;;;;;;
KENNEDY;2021-04-09;;19.79166667;;;;;;;;;;;;;;
KENNEDY;2021-04-08;;25.25;;;;;;;;;;;;;;
KENNEDY;2021-04-07;;16.33333333;;;;;;;;;;;;;;
KENNEDY;2021-04-06;;16.08333333;;;;;;;;;;;;;;
KENNEDY;2021-04-05;;17.66666667;;;;;;;;;;;;;;
KENNEDY;2021-04-04;;17.33333333;;;;;;;;;;;;;;
KENNEDY;2021-04-03;;15.62916667;;;;;;;;;;;;;;
KENNEDY;2021-04-02;;13.52916667;;;;;;;;;;;;;;
KENNEDY;2021-04-01;;16.29166667;;;;;;;;;;;;;;
KENNEDY;2021-03-31;;16.27272727;;;;;;;;;;;;;;
KENNEDY;2021-03-30;;17.75;;;;;;;;;;;;;;
KENNEDY;2021-03-29;;20.6;;;;;;;;;;;;;;
KENNEDY;2021-03-28;;12.7826087;;;;;;;;;;;;;;
KENNEDY;2021-03-27;;20.625;;;;;;;;;;;;;;
KENNEDY;2021-03-26;;30.04166667;;;;;;;;;;;;;;
KENNEDY;2021-03-25;;35.08695652;;;;;;;;;;;;;;
KENNEDY;2021-03-24;;31.58333333;;;;;;;;;;;;;;
KENNEDY;2021-03-23;;32.81818182;;;;;;;;;;;;;;
KENNEDY;2021-03-22;;22.91304348;;;;;;;;;;;;;;
KENNEDY;2021-03-21;;26.08333333;;;;;;;;;;;;;;
KENNEDY;2021-03-20;;28.16666667;;;;;;;;;;;;;;
KENNEDY;2021-03-19;;24.95833333;;;;;;;;;;;;;;
KENNEDY;2021-03-18;;22.95833333;;;;;;;;;;;;;;
KENNEDY;2021-03-17;;31.58333333;;;;;;;;;;;;;;
KENNEDY;2021-03-16;;25.04166667;;;;;;;;;;;;;;
KENNEDY;2021-03-15;;32.7826087;;;;;;;;;;;;;;
KENNEDY;2021-03-14;;25.04166667;;;;;;;;;;;;;;
KENNEDY;2021-03-13;;25.20833333;;;;;;;;;;;;;;
KENNEDY;2021-03-12;;19.75;;;;;;;;;;;;;;
KENNEDY;2021-03-11;;20.38333333;;;;;;;;;;;;;;
KENNEDY;2021-03-10;;21.20833333;;;;;;;;;;;;;;
KENNEDY;2021-03-09;;27.16666667;;;;;;;;;;;;;;
KENNEDY;2021-03-08;;12.52380952;;;;;;;;;;;;;;
KENNEDY;2021-03-07;;14.0625;;;;;;;;;;;;;;
KENNEDY;2021-03-06;;43.95833333;;;;;;;;;;;;;;
KENNEDY;2021-03-05;;36.125;;;;;;;;;;;;;;
KENNEDY;2021-03-04;;36.13043478;;;;;;;;;;;;;;
KENNEDY;2021-03-03;;26.83333333;;;;;;;;;;;;;;
KENNEDY;2021-03-02;;21.5;;;;;;;;;;;;;;
KENNEDY;2021-03-01;;17.65217391;;;;;;;;;;;;;;
KENNEDY;2021-02-28;;17.2173913;;;;;;;;;;;;;;
KENNEDY;2021-02-27;;27.0;;;;;;;;;;;;;;
KENNEDY;2021-02-26;;25.91666667;;;;;;;;;;;;;;
KENNEDY;2021-02-25;;14.66666667;;;;;;;;;;;;;;
KENNEDY;2021-02-24;;25.58333333;;;;;;;;;;;;;;
KENNEDY;2021-02-23;;23.79166667;;;;;;;;;;;;;;
KENNEDY;2021-02-22;;18.125;;;;;;;;;;;;;;
KENNEDY;2021-02-21;;18.91666667;;;;;;;;;;;;;;
KENNEDY;2021-02-20;;22.54166667;;;;;;;;;;;;;;
KENNEDY;2021-02-19;;26.45833333;;;;;;;;;;;;;;
KENNEDY;2021-02-18;;27.5;;;;;;;;;;;;;;
KENNEDY;2021-02-17;;29.70833333;;;;;;;;;;;;;;
KENNEDY;2021-02-16;;32.54166667;;;;;;;;;;;;;;
KENNEDY;2021-02-15;;28.95652174;;;;;;;;;;;;;;
KENNEDY;2021-02-14;;31.66666667;;;;;;;;;;;;;;
KENNEDY;2021-02-13;;23.58333333;;;;;;;;;;;;;;
KENNEDY;2021-02-12;;30.625;;;;;;;;;;;;;;
KENNEDY;2021-02-11;;27.45833333;;;;;;;;;;;;;;
KENNEDY;2021-02-10;;23.625;;;;;;;;;;;;;;
KENNEDY;2021-02-09;;30.00416667;;;;;;;;;;;;;;
KENNEDY;2021-02-08;;25.08333333;;;;;;;;;;;;;;
KENNEDY;2021-02-07;;21.41666667;;;;;;;;;;;;;;
KENNEDY;2021-02-06;;25.58333333;;;;;;;;;;;;;;
KENNEDY;2021-02-05;;20.75;;;;;;;;;;;;;;
KENNEDY;2021-02-04;;25.64705882;;;;;;;;;;;;;;
KENNEDY;2021-02-03;;22.57142857;;;;;;;;;;;;;;
KENNEDY;2021-02-02;;19.04166667;;;;;;;;;;;;;;
KENNEDY;2021-02-01;;16.4875;;;;;;;;;;;;;;
KENNEDY;2021-01-31;;13.82608696;;;;;;;;;;;;;;
KENNEDY;2021-01-30;;25.16666667;;;;;;;;;;;;;;
KENNEDY;2021-01-29;;34.58333333;;;;;;;;;;;;;;
KENNEDY;2021-01-28;;34.04166667;;;;;;;;;;;;;;
KENNEDY;2021-01-27;;21.52380952;;;;;;;;;;;;;;
KENNEDY;2021-01-26;;22.29166667;;;;;;;;;;;;;;
KENNEDY;2021-01-25;;20.125;;;;;;;;;;;;;;
KENNEDY;2021-01-24;;13.41666667;;;;;;;;;;;;;;
KENNEDY;2021-01-23;;15.20833333;;;;;;;;;;;;;;
KENNEDY;2021-01-22;;27.79166667;;;;;;;;;;;;;;
KENNEDY;2021-01-21;;29.58333333;;;;;;;;;;;;;;
KENNEDY;2021-01-20;;26.29166667;;;;;;;;;;;;;;
KENNEDY;2021-01-19;;32.79166667;;;;;;;;;;;;;;
KENNEDY;2021-01-18;;28.75;;;;;;;;;;;;;;
KENNEDY;2021-01-17;;23.66666667;;;;;;;;;;;;;;
KENNEDY;2021-01-16;;27.91666667;;;;;;;;;;;;;;
KENNEDY;2021-01-15;;32.86956522;;;;;;;;;;;;;;
KENNEDY;2021-01-14;;29.45833333;;;;;;;;;;;;;;
KENNEDY;2021-01-13;;23.375;;;;;;;;;;;;;;
KENNEDY;2021-01-12;;9.625;;;;;;;;;;;;;;
KENNEDY;2021-01-11;;6.04545455;;;;;;;;;;;;;;
KENNEDY;2021-01-10;;8.56521739;;;;;;;;;;;;;;
KENNEDY;2021-01-09;;10.41666667;;;;;;;;;;;;;;
KENNEDY;2021-01-08;;25.0;;;;;;;;;;;;;;
KENNEDY;2021-01-07;;20.625;;;;;;;;;;;;;;
KENNEDY;2021-01-06;;23.79166667;;;;;;;;;;;;;;
KENNEDY;2021-01-05;;27.65217391;;;;;;;;;;;;;;
KENNEDY;2021-01-04;;17.58333333;;;;;;;;;;;;;;
KENNEDY;2021-01-03;;7.39130435;;;;;;;;;;;;;;
KENNEDY;2021-01-02;;12.95652174;;;;;;;;;;;;;;
KENNEDY;2021-01-01;;23.81818182;;;;;;;;;;;;;;
KENNEDY;2020-12-31;;39.04347826;;;;;;;;;;;;;;
KENNEDY;2020-12-30;;27.5;;;;;;;;;;;;;;
KENNEDY;2020-12-29;;24.04166667;;;;;;;;;;;;;;
KENNEDY;2020-12-28;;24.25;;;;;;;;;;;;;;
KENNEDY;2020-12-27;;14.91666667;;;;;;;;;;;;;;
KENNEDY;2020-12-26;;14.16666667;;;;;;;;;;;;;;
KENNEDY;2020-12-25;;23.95833333;;;;;;;;;;;;;;
KENNEDY;2020-12-24;;23.16666667;;;;;;;;;;;;;;
KENNEDY;2020-12-23;;42.04166667;;;;;;;;;;;;;;
KENNEDY;2020-12-22;;30.625;;;;;;;;;;;;;;
KENNEDY;2020-12-21;;28.36363636;;;;;;;;;;;;;;
KENNEDY;2020-12-20;;13.04166667;;;;;;;;;;;;;;
KENNEDY;2020-12-19;;25.29166667;;;;;;;;;;;;;;
KENNEDY;2020-12-18;;26.56521739;;;;;;;;;;;;;;
KENNEDY;2020-12-17;;19.33333333;;;;;;;;;;;;;;
KENNEDY;2020-12-16;;19.08333333;;;;;;;;;;;;;;
KENNEDY;2020-12-15;;28.08695652;;;;;;;;;;;;;;
KENNEDY;2020-12-14;;21.04347826;;;;;;;;;;;;;;
KENNEDY;2020-12-13;;15.91666667;;;;;;;;;;;;;;
KENNEDY;2020-12-12;;29.375;;;;;;;;;;;;;;
KENNEDY;2020-12-11;;36.95833333;;;;;;;;;;;;;;
KENNEDY;2020-12-10;;42.45833333;;;;;;;;;;;;;;
KENNEDY;2020-12-09;;33.08333333;;;;;;;;;;;;;;
KENNEDY;2020-12-08;;36.70833333;;;;;;;;;;;;;;
KENNEDY;2020-12-07;;38.0;;;;;;;;;;;;;;
KENNEDY;2020-12-06;;14.29166667;;;;;;;;;;;;;;
KENNEDY;2020-12-05;;24.91666667;;;;;;;;;;;;;;
KENNEDY;2020-12-04;;30.95833333;;;;;;;;;;;;;;
KENNEDY;2020-12-03;;19.59090909;;;;;;;;;;;;;;
KENNEDY;2020-12-02;;16.58333333;;;;;;;;;;;;;;
KENNEDY;2020-12-01;;22.375;;;;;;;;;;;;;;
KENNEDY;2020-11-30;;22.04347826;;;;;;;;;;;;;;
KENNEDY;2020-11-29;;11.91666667;;;;;;;;;;;;;;
KENNEDY;2020-11-28;;24.65217391;;;;;;;;;;;;;;
KENNEDY;2020-11-27;;24.20833333;;;;;;;;;;;;;;
KENNEDY;2020-11-26;;33.875;;;;;;;;;;;;;;
KENNEDY;2020-11-25;;24.5;;;;;;;;;;;;;;
KENNEDY;2020-11-24;;34.45833333;;;;;;;;;;;;;;
KENNEDY;2020-11-23;;32.33333333;;;;;;;;;;;;;;
KENNEDY;2020-11-22;;27.29166667;;;;;;;;;;;;;;
KENNEDY;2020-11-21;;26.08333333;;;;;;;;;;;;;;
KENNEDY;2020-11-20;;30.82608696;;;;;;;;;;;;;;
KENNEDY;2020-11-19;;22.58333333;;;;;;;;;;;;;;
KENNEDY;2020-11-18;;17.25;;;;;;;;;;;;;;
KENNEDY;2020-11-17;;15.56521739;;;;;;;;;;;;;;
KENNEDY;2020-11-16;;12.81818182;;;;;;;;;;;;;;
KENNEDY;2020-11-15;;24.73913043;;;;;;;;;;;;;;
KENNEDY;2020-11-14;;28.0;;;;;;;;;;;;;;
KENNEDY;2020-11-13;;18.375;;;;;;;;;;;;;;
KENNEDY;2020-11-12;;26.66666667;;;;;;;;;;;;;;
KENNEDY;2020-11-11;;16.89583333;;;;;;;;;;;;;;
KENNEDY;2020-11-10;;28.41666667;;;;;;;;;;;;;;
KENNEDY;2020-11-09;;19.58333333;;;;;;;;;;;;;;
KENNEDY;2020-11-08;;22.625;;;;;;;;;;;;;;
KENNEDY;2020-11-07;;24.91666667;;;;;;;;;;;;;;
KENNEDY;2020-11-06;;33.91666667;;;;;;;;;;;;;;
KENNEDY;2020-11-05;;23.39130435;;;;;;;;;;;;;;
KENNEDY;2020-11-04;;26.125;;;;;;;;;;;;;;
KENNEDY;2020-11-03;;25.95833333;;;;;;;;;;;;;;
KENNEDY;2020-11-02;;19.33333333;;;;;;;;;;;;;;
KENNEDY;2020-11-01;;14.08;;;;;;;;;;;;;;
KENNEDY;2020-10-31;;18.60869565;;;;;;;;;;;;;;
KENNEDY;2020-10-30;;17.04166667;;;;;;;;;;;;;;
KENNEDY;2020-10-29;;21.04166667;;;;;;;;;;;;;;
KENNEDY;2020-10-28;;18.54166667;;;;;;;;;;;;;;
KENNEDY;2020-10-27;;22.79166667;;;;;;;;;;;;;;
KENNEDY;2020-10-26;;34.625;;;;;;;;;;;;;;
KENNEDY;2020-10-25;;28.125;;;;;;;;;;;;;;
KENNEDY;2020-10-24;;18.375;;;;;;;;;;;;;;
KENNEDY;2020-10-23;;15.79166667;;;;;;;;;;;;;;
KENNEDY;2020-10-22;;12.875;;;;;;;;;;;;;;
KENNEDY;2020-10-21;;13.875;;;;;;;;;;;;;;
KENNEDY;2020-10-20;;23.04166667;;;;;;;;;;;;;;
KENNEDY;2020-10-19;;14.39130435;;;;;;;;;;;;;;
KENNEDY;2020-10-18;;13.54166667;;;;;;;;;;;;;;
KENNEDY;2020-10-17;;15.91666667;;;;;;;;;;;;;;
KENNEDY;2020-10-16;;14.33333333;;;;;;;;;;;;;;
KENNEDY;2020-10-15;;20.26086957;;;;;;;;;;;;;;
KENNEDY;2020-10-14;;23.83333333;;;;;;;;;;;;;;
KENNEDY;2020-10-13;;10.30434783;;;;;;;;;;;;;;
KENNEDY;2020-10-12;;12.0;;;;;;;;;;;;;;
KENNEDY;2020-10-11;;13.83333333;;;;;;;;;;;;;;
KENNEDY;2020-10-10;;17.95833333;;;;;;;;;;;;;;
KENNEDY;2020-10-09;;15.0;;;;;;;;;;;;;;
KENNEDY;2020-10-08;;12.125;;;;;;;;;;;;;;
KENNEDY;2020-10-07;;22.375;;;;;;;;;;;;;;
KENNEDY;2020-10-06;;22.39130435;;;;;;;;;;;;;;
KENNEDY;2020-10-05;;15.5;;;;;;;;;;;;;;
KENNEDY;2020-10-04;;8.83333333;;;;;;;;;;;;;;
KENNEDY;2020-10-03;;17.70833333;;;;;;;;;;;;;;
KENNEDY;2020-10-02;;28.125;;;;;;;;;;;;;;
KENNEDY;2020-10-01;;15.91666667;;;;;;;;;;;;;;
KENNEDY;2020-09-30;;14.0;;;;;;;;;;;;;;
KENNEDY;2020-09-29;;14.95833333;;;;;;;;;;;;;;
KENNEDY;2020-09-28;;20.08333333;;;;;;;;;;;;;;
KENNEDY;2020-09-27;;19.45833333;;;;;;;;;;;;;;
KENNEDY;2020-09-26;;23.25;;;;;;;;;;;;;;
KENNEDY;2020-09-25;;15.70833333;;;;;;;;;;;;;;
KENNEDY;2020-09-24;;11.9047619;;;;;;;;;;;;;;
KENNEDY;2020-09-23;;15.52173913;;;;;;;;;;;;;;
KENNEDY;2020-09-22;;21.17391304;;;;;;;;;;;;;;
KENNEDY;2020-09-21;;14.69565217;;;;;;;;;;;;;;
KENNEDY;2020-09-20;;9.22727273;;;;;;;;;;;;;;
KENNEDY;2020-09-19;;18.34782609;;;;;;;;;;;;;;
KENNEDY;2020-09-18;;25.08695652;;;;;;;;;;;;;;
KENNEDY;2020-09-17;;26.91304348;;;;;;;;;;;;;;
KENNEDY;2020-09-16;;19.25;;;;;;;;;;;;;;
KENNEDY;2020-09-15;;26.17391304;;;;;;;;;;;;;;
KENNEDY;2020-09-14;;23.75;;;;;;;;;;;;;;
KENNEDY;2020-09-13;;12.78947368;;;;;;;;;;;;;;
KENNEDY;2020-09-12;;22.75;;;;;;;;;;;;;;
KENNEDY;2020-09-11;;25.56521739;;;;;;;;;;;;;;
KENNEDY;2020-09-10;;20.70833333;;;;;;;;;;;;;;
KENNEDY;2020-09-09;;25.625;;;;;;;;;;;;;;
KENNEDY;2020-09-08;;16.70833333;;;;;;;;;;;;;;
KENNEDY;2020-09-07;;24.29166667;;;;;;;;;;;;;;
KENNEDY;2020-09-06;;9.45833333;;;;;;;;;;;;;;
KENNEDY;2020-09-05;;11.79166667;;;;;;;;;;;;;;
KENNEDY;2020-09-04;;12.04166667;;;;;;;;;;;;;;
KENNEDY;2020-09-03;;16.875;;;;;;;;;;;;;;
KENNEDY;2020-09-02;;12.43478261;;;;;;;;;;;;;;
KENNEDY;2020-09-01;;18.70833333;;;;;;;;;;;;;;
KENNEDY;2020-08-31;;23.17391304;;;;;;;;;;;;;;
KENNEDY;2020-08-30;;12.29166667;;;;;;;;;;;;;;
KENNEDY;2020-08-29;;27.625;;;;;;;;;;;;;;
KENNEDY;2020-08-28;;17.0;;;;;;;;;;;;;;
KENNEDY;2020-08-27;;14.04166667;;;;;;;;;;;;;;
KENNEDY;2020-08-26;;24.29166667;;;;;;;;;;;;;;
KENNEDY;2020-08-25;;21.45833333;;;;;;;;;;;;;;
KENNEDY;2020-08-24;;16.66666667;;;;;;;;;;;;;;
KENNEDY;2020-08-23;;18.5;;;;;;;;;;;;;;
KENNEDY;2020-08-22;;11.52173913;;;;;;;;;;;;;;
KENNEDY;2020-08-21;;14.66666667;;;;;;;;;;;;;;
KENNEDY;2020-08-20;;23.125;;;;;;;;;;;;;;
KENNEDY;2020-08-19;;24.45833333;;;;;;;;;;;;;;
KENNEDY;2020-08-18;;29.41666667;;;;;;;;;;;;;;
KENNEDY;2020-08-17;;22.79166667;;;;;;;;;;;;;;
KENNEDY;2020-08-16;;13.375;;;;;;;;;;;;;;
KENNEDY;2020-08-15;;19.17391304;;;;;;;;;;;;;;
KENNEDY;2020-08-14;;12.33333333;;;;;;;;;;;;;;
KENNEDY;2020-08-13;;16.39130435;;;;;;;;;;;;;;
KENNEDY;2020-08-12;;18.54166667;;;;;;;;;;;;;;
KENNEDY;2020-08-11;;21.91666667;;;;;;;;;;;;;;
KENNEDY;2020-08-10;;12.7826087;;;;;;;;;;;;;;
KENNEDY;2020-08-09;;9.04347826;;;;;;;;;;;;;;
KENNEDY;2020-08-08;;8.47826087;;;;;;;;;;;;;;
KENNEDY;2020-08-07;;10.225;;;;;;;;;;;;;;
KENNEDY;2020-08-06;;10.29166667;;;;;;;;;;;;;;
KENNEDY;2020-08-05;;11.79166667;;;;;;;;;;;;;;
KENNEDY;2020-08-04;;9.17391304;;;;;;;;;;;;;;
KENNEDY;2020-08-03;;13.375;;;;;;;;;;;;;;
KENNEDY;2020-08-02;;10.41666667;;;;;;;;;;;;;;
KENNEDY;2020-08-01;;12.73913043;;;;;;;;;;;;;;
KENNEDY;2020-07-31;;13.69565217;;;;;;;;;;;;;;
KENNEDY;2020-07-30;;13.52173913;;;;;;;;;;;;;;
KENNEDY;2020-07-29;;16.5;;;;;;;;;;;;;;
KENNEDY;2020-07-28;;16.13636364;;;;;;;;;;;;;;
KENNEDY;2020-07-27;;14.625;;;;;;;;;;;;;;
KENNEDY;2020-07-26;;11.04166667;;;;;;;;;;;;;;
KENNEDY;2020-07-25;;16.41666667;;;;;;;;;;;;;;
KENNEDY;2020-07-24;;17.00833333;;;;;;;;;;;;;;
KENNEDY;2020-07-23;;20.66666667;;;;;;;;;;;;;;
KENNEDY;2020-07-22;;28.20833333;;;;;;;;;;;;;;
KENNEDY;2020-07-21;;18.04166667;;;;;;;;;;;;;;
KENNEDY;2020-07-20;;7.69583333;;;;;;;;;;;;;;
KENNEDY;2020-07-19;;12.05652174;;;;;;;;;;;;;;
KENNEDY;2020-07-18;;14.66666667;;;;;;;;;;;;;;
KENNEDY;2020-07-17;;15.125;;;;;;;;;;;;;;
KENNEDY;2020-07-16;;14.125;;;;;;;;;;;;;;
KENNEDY;2020-07-15;;13.86363636;;;;;;;;;;;;;;
KENNEDY;2020-07-14;;11.83478261;;;;;;;;;;;;;;
KENNEDY;2020-07-13;;14.91666667;;;;;;;;;;;;;;
KENNEDY;2020-07-12;;19.66666667;;;;;;;;;;;;;;
KENNEDY;2020-07-11;;19.68333333;;;;;;;;;;;;;;
KENNEDY;2020-07-10;;20.54166667;;;;;;;;;;;;;;
KENNEDY;2020-07-09;;16.75;;;;;;;;;;;;;;
KENNEDY;2020-07-08;;18.08333333;;;;;;;;;;;;;;
KENNEDY;2020-07-07;;17.66666667;;;;;;;;;;;;;;
KENNEDY;2020-07-06;;16.35;;;;;;;;;;;;;;
KENNEDY;2020-07-05;;19.33333333;;;;;;;;;;;;;;
KENNEDY;2020-07-04;;12.91304348;;;;;;;;;;;;;;
KENNEDY;2020-07-03;;23.125;;;;;;;;;;;;;;
KENNEDY;2020-07-02;;16.45833333;;;;;;;;;;;;;;
KENNEDY;2020-07-01;;23.04166667;;;;;;;;;;;;;;
KENNEDY;2020-06-30;;22.23809524;;;;;;;;;;;;;;
KENNEDY;2020-06-29;;9.875;;;;;;;;;;;;;;
KENNEDY;2020-06-28;;13.5;;;;;;;;;;;;;;
KENNEDY;2020-06-27;;16.66666667;;;;;;;;;;;;;;
KENNEDY;2020-06-26;;15.0;;;;;;;;;;;;;;
KENNEDY;2020-06-25;;29.875;;;;;;;;;;;;;;
KENNEDY;2020-06-24;;35.7826087;;;;;;;;;;;;;;
KENNEDY;2020-06-23;;16.29166667;;;;;;;;;;;;;;
KENNEDY;2020-06-22;;9.29166667;;;;;;;;;;;;;;
KENNEDY;2020-06-21;;6.86956522;;;;;;;;;;;;;;
KENNEDY;2020-06-20;;11.75;;;;;;;;;;;;;;
KENNEDY;2020-06-19;;16.52173913;;;;;;;;;;;;;;
KENNEDY;2020-06-18;;29.40869565;;;;;;;;;;;;;;
KENNEDY;2020-06-17;;15.375;;;;;;;;;;;;;;
KENNEDY;2020-06-16;;14.375;;;;;;;;;;;;;;
KENNEDY;2020-06-15;;4.95652174;;;;;;;;;;;;;;
KENNEDY;2020-06-14;;7.29166667;;;;;;;;;;;;;;
KENNEDY;2020-06-13;;17.95833333;;;;;;;;;;;;;;
KENNEDY;2020-06-12;;15.60869565;;;;;;;;;;;;;;
KENNEDY;2020-06-11;;18.54166667;;;;;;;;;;;;;;
KENNEDY;2020-06-10;;14.29166667;;;;;;;;;;;;;;
KENNEDY;2020-06-09;;14.20833333;;;;;;;;;;;;;;
KENNEDY;2020-06-08;;14.25;;;;;;;;;;;;;;
KENNEDY;2020-06-07;;8.52173913;;;;;;;;;;;;;;
KENNEDY;2020-06-06;;11.45833333;;;;;;;;;;;;;;
KENNEDY;2020-06-05;;8.04166667;;;;;;;;;;;;;;
KENNEDY;2020-06-04;;10.25;;;;;;;;;;;;;;
KENNEDY;2020-06-03;;17.66666667;;;;;;;;;;;;;;
KENNEDY;2020-06-02;;19.08333333;;;;;;;;;;;;;;
KENNEDY;2020-06-01;;11.79166667;;;;;;;;;;;;;;
KENNEDY;2020-05-31;;11.52173913;;;;;;;;;;;;;;
KENNEDY;2020-05-30;;19.08333333;;;;;;;;;;;;;;
KENNEDY;2020-05-29;;16.30434783;;;;;;;;;;;;;;
KENNEDY;2020-05-28;;16.08333333;;;;;;;;;;;;;;
KENNEDY;2020-05-27;;8.43478261;;;;;;;;;;;;;;
KENNEDY;2020-05-26;;8.375;;;;;;;;;;;;;;
KENNEDY;2020-05-25;;8.08333333;;;;;;;;;;;;;;
KENNEDY;2020-05-24;;10.13636364;;;;;;;;;;;;;;
KENNEDY;2020-05-23;;10.73913043;;;;;;;;;;;;;;
KENNEDY;2020-05-22;;13.25;;;;;;;;;;;;;;
KENNEDY;2020-05-21;;10.95652174;;;;;;;;;;;;;;
KENNEDY;2020-05-20;;17.29166667;;;;;;;;;;;;;;
KENNEDY;2020-05-19;;15.33333333;;;;;;;;;;;;;;
KENNEDY;2020-05-18;;9.66666667;;;;;;;;;;;;;;
KENNEDY;2020-05-17;;4.61904762;;;;;;;;;;;;;;
KENNEDY;2020-05-16;;7.6;;;;;;;;;;;;;;
KENNEDY;2020-05-15;;15.52173913;;;;;;;;;;;;;;
KENNEDY;2020-05-14;;28.875;;;;;;;;;;;;;;
KENNEDY;2020-05-13;;23.125;;;;;;;;;;;;;;
KENNEDY;2020-05-12;;18.5;;;;;;;;;;;;;;
KENNEDY;2020-05-11;;14.95833333;;;;;;;;;;;;;;
KENNEDY;2020-05-10;;7.83333333;;;;;;;;;;;;;;
KENNEDY;2020-05-09;;8.19047619;;;;;;;;;;;;;;
KENNEDY;2020-05-08;;12.41666667;;;;;;;;;;;;;;
KENNEDY;2020-05-07;;10.36363636;;;;;;;;;;;;;;
KENNEDY;2020-05-06;;14.375;;;;;;;;;;;;;;
KENNEDY;2020-05-05;;9.95454545;;;;;;;;;;;;;;
KENNEDY;2020-05-04;;14.5;;;;;;;;;;;;;;
KENNEDY;2020-05-03;;11.83333333;;;;;;;;;;;;;;
KENNEDY;2020-05-02;;17.33333333;;;;;;;;;;;;;;
KENNEDY;2020-05-01;;9.73913043;;;;;;;;;;;;;;
KENNEDY;2020-04-30;;23.60869565;;;;;;;;;;;;;;
KENNEDY;2020-04-29;;24.45454545;;;;;;;;;;;;;;
KENNEDY;2020-04-28;;24.91666667;;;;;;;;;;;;;;
KENNEDY;2020-04-27;;22.60869565;;;;;;;;;;;;;;
KENNEDY;2020-04-26;;16.875;;;;;;;;;;;;;;
KENNEDY;2020-04-25;;20.08333333;;;;;;;;;;;;;;
KENNEDY;2020-04-24;;21.0;;;;;;;;;;;;;;
KENNEDY;2020-04-23;;9.85833333;;;;;;;;;;;;;;
KENNEDY;2020-04-22;;14.23809524;;;;;;;;;;;;;;
KENNEDY;2020-04-21;;17.79166667;;;;;;;;;;;;;;
KENNEDY;2020-04-20;;17.30434783;;;;;;;;;;;;;;
KENNEDY;2020-04-19;;24.125;;;;;;;;;;;;;;
KENNEDY;2020-04-18;;36.08333333;;;;;;;;;;;;;;
KENNEDY;2020-04-17;;39.95833333;;;;;;;;;;;;;;
KENNEDY;2020-04-16;;36.18181818;;;;;;;;;;;;;;
KENNEDY;2020-04-15;;26.95652174;;;;;;;;;;;;;;
KENNEDY;2020-04-14;;17.5;;;;;;;;;;;;;;
KENNEDY;2020-04-13;;22.43478261;;;;;;;;;;;;;;
KENNEDY;2020-04-12;;12.75;;;;;;;;;;;;;;
KENNEDY;2020-04-11;;8.95833333;;;;;;;;;;;;;;
KENNEDY;2020-04-10;;8.68181818;;;;;;;;;;;;;;
KENNEDY;2020-04-09;;10.625;;;;;;;;;;;;;;
KENNEDY;2020-04-08;;14.04347826;;;;;;;;;;;;;;
KENNEDY;2020-04-07;;9.36363636;;;;;;;;;;;;;;
KENNEDY;2020-04-06;;11.45833333;;;;;;;;;;;;;;
KENNEDY;2020-04-05;;9.0;;;;;;;;;;;;;;
KENNEDY;2020-04-04;;9.95652174;;;;;;;;;;;;;;
KENNEDY;2020-04-03;;17.70833333;;;;;;;;;;;;;;
KENNEDY;2020-04-02;;12.40909091;;;;;;;;;;;;;;
KENNEDY;2020-04-01;;19.45833333;;;;;;;;;;;;;;
KENNEDY;2020-03-31;;28.18181818;;;;;;;;;;;;;;
KENNEDY;2020-03-30;;48.625;;;;;;;;;;;;;;
KENNEDY;2020-03-29;;49.91666667;;;;;;;;;;;;;;
KENNEDY;2020-03-28;;42.17391304;;;;;;;;;;;;;;
KENNEDY;2020-03-27;;43.375;;;;;;;;;;;;;;
KENNEDY;2020-03-26;;34.5;;;;;;;;;;;;;;
KENNEDY;2020-03-25;;35.0;;;;;;;;;;;;;;
KENNEDY;2020-03-24;;44.125;;;;;;;;;;;;;;
KENNEDY;2020-03-23;;41.08333333;;;;;;;;;;;;;;
KENNEDY;2020-03-22;;27.79166667;;;;;;;;;;;;;;
KENNEDY;2020-03-21;;31.83333333;;;;;;;;;;;;;;
KENNEDY;2020-03-20;;45.375;;;;;;;;;;;;;;
KENNEDY;2020-03-19;;63.33333333;;;;;;;;;;;;;;
KENNEDY;2020-03-18;;59.33333333;;;;;;;;;;;;;;
KENNEDY;2020-03-17;;49.33333333;;;;;;;;;;;;;;
KENNEDY;2020-03-16;;39.69565217;;;;;;;;;;;;;;
KENNEDY;2020-03-15;;23.59090909;;;;;;;;;;;;;;
KENNEDY;2020-03-14;;20.33333333;;;;;;;;;;;;;;
KENNEDY;2020-03-13;;31.58333333;;;;;;;;;;;;;;
KENNEDY;2020-03-12;;37.66666667;;;;;;;;;;;;;;
KENNEDY;2020-03-11;;24.43913043;;;;;;;;;;;;;;
KENNEDY;2020-03-10;;33.125;;;;;;;;;;;;;;
KENNEDY;2020-03-09;;34.125;;;;;;;;;;;;;;
KENNEDY;2020-03-08;;37.04166667;;;;;;;;;;;;;;
KENNEDY;2020-03-07;;52.16666667;;;;;;;;;;;;;;
KENNEDY;2020-03-06;;46.79166667;;;;;;;;;;;;;;
KENNEDY;2020-03-05;;37.125;;;;;;;;;;;;;;
KENNEDY;2020-03-04;;41.09090909;;;;;;;;;;;;;;
KENNEDY;2020-03-03;;34.20833333;;;;;;;;;;;;;;
KENNEDY;2020-03-02;;30.54166667;;;;;;;;;;;;;;
KENNEDY;2020-03-01;;35.60869565;;;;;;;;;;;;;;
KENNEDY;2020-02-29;;36.60869565;;;;;;;;;;;;;;
KENNEDY;2020-02-28;;36.45833333;;;;;;;;;;;;;;
KENNEDY;2020-02-27;;32.29166667;;;;;;;;;;;;;;
KENNEDY;2020-02-26;;26.95833333;;;;;;;;;;;;;;
KENNEDY;2020-02-25;;31.5;;;;;;;;;;;;;;
KENNEDY;2020-02-24;;19.91666667;;;;;;;;;;;;;;
KENNEDY;2020-02-23;;25.70833333;;;;;;;;;;;;;;
KENNEDY;2020-02-22;;36.75;;;;;;;;;;;;;;
KENNEDY;2020-02-21;;35.58333333;;;;;;;;;;;;;;
KENNEDY;2020-02-20;;26.79166667;;;;;;;;;;;;;;
KENNEDY;2020-02-19;;25.41666667;;;;;;;;;;;;;;
KENNEDY;2020-02-18;;20.20833333;;;;;;;;;;;;;;
KENNEDY;2020-02-17;;16.875;;;;;;;;;;;;;;
KENNEDY;2020-02-16;;14.5;;;;;;;;;;;;;;
KENNEDY;2020-02-15;;19.86956522;;;;;;;;;;;;;;
KENNEDY;2020-02-14;;27.41666667;;;;;;;;;;;;;;
KENNEDY;2020-02-13;;37.45833333;;;;;;;;;;;;;;
KENNEDY;2020-02-12;;30.41666667;;;;;;;;;;;;;;
KENNEDY;2020-02-11;;20.125;;;;;;;;;;;;;;
KENNEDY;2020-02-10;;19.54166667;;;;;;;;;;;;;;
KENNEDY;2020-02-09;;35.0;;;;;;;;;;;;;;
KENNEDY;2020-02-08;;37.0;;;;;;;;;;;;;;
KENNEDY;2020-02-07;;43.91666667;;;;;;;;;;;;;;
KENNEDY;2020-02-06;;30.33333333;;;;;;;;;;;;;;
KENNEDY;2020-02-05;;37.5;;;;;;;;;;;;;;
KENNEDY;2020-02-04;;36.0;;;;;;;;;;;;;;
KENNEDY;2020-02-03;;25.04166667;;;;;;;;;;;;;;
KENNEDY;2020-02-02;;27.33333333;;;;;;;;;;;;;;
KENNEDY;2020-02-01;;26.95833333;;;;;;;;;;;;;;
KENNEDY;2020-01-31;;25.73913043;;;;;;;;;;;;;;
KENNEDY;2020-01-30;;32.33333333;;;;;;;;;;;;;;
KENNEDY;2020-01-29;;29.75;;;;;;;;;;;;;;
KENNEDY;2020-01-28;;27.65217391;;;;;;;;;;;;;;
KENNEDY;2020-01-27;;25.66666667;;;;;;;;;;;;;;
KENNEDY;2020-01-26;;18.33333333;;;;;;;;;;;;;;
KENNEDY;2020-01-25;;24.26086957;;;;;;;;;;;;;;
KENNEDY;2020-01-24;;23.33333333;;;;;;;;;;;;;;
KENNEDY;2020-01-23;;19.83333333;;;;;;;;;;;;;;
KENNEDY;2020-01-22;;27.41666667;;;;;;;;;;;;;;
KENNEDY;2020-01-21;;29.91666667;;;;;;;;;;;;;;
KENNEDY;2020-01-20;;21.125;;;;;;;;;;;;;;
KENNEDY;2020-01-19;;13.82608696;;;;;;;;;;;;;;
KENNEDY;2020-01-18;;14.56521739;;;;;;;;;;;;;;
KENNEDY;2020-01-17;;12.54166667;;;;;;;;;;;;;;
KENNEDY;2020-01-16;;23.25;;;;;;;;;;;;;;
KENNEDY;2020-01-15;;22.73913043;;;;;;;;;;;;;;
KENNEDY;2020-01-14;;18.52173913;;;;;;;;;;;;;;
KENNEDY;2020-01-13;;17.5;;;;;;;;;;;;;;
KENNEDY;2020-01-12;;14.83333333;;;;;;;;;;;;;;
KENNEDY;2020-01-11;;26.0;;;;;;;;;;;;;;
KENNEDY;2020-01-10;;17.90833333;;;;;;;;;;;;;;
KENNEDY;2020-01-09;;29.375;;;;;;;;;;;;;;
KENNEDY;2020-01-08;;29.66666667;;;;;;;;;;;;;;
KENNEDY;2020-01-07;;31.16666667;;;;;;;;;;;;;;
KENNEDY;2020-01-06;;21.125;;;;;;;;;;;;;;
KENNEDY;2020-01-05;;21.95454545;;;;;;;;;;;;;;
KENNEDY;2020-01-04;;28.63636364;;;;;;;;;;;;;;
KENNEDY;2020-01-03;;25.59090909;;;;;;;;;;;;;;
KENNEDY;2020-01-02;;14.41666667;;;;;;;;;;;;;;
KENNEDY;2020-01-01;;44.30434783;;;;;;;;;;;;;;
KENNEDY;2019-12-31;;24.69565217;;;;;;;;;;;;;;
KENNEDY;2019-12-30;;25.04347826;;;;;;;;;;;;;;
KENNEDY;2019-12-29;;23.70833333;;;;;;;;;;;;;;
KENNEDY;2019-12-28;;36.75;;;;;;;;;;;;;;
KENNEDY;2019-12-27;;22.80952381;;;;;;;;;;;;;;
KENNEDY;2019-12-26;;21.54166667;;;;;;;;;;;;;;
KENNEDY;2019-12-25;;38.83333333;;;;;;;;;;;;;;
KENNEDY;2019-12-24;;14.47826087;;;;;;;;;;;;;;
KENNEDY;2019-12-23;;11.63478261;;;;;;;;;;;;;;
KENNEDY;2019-12-22;;12.13636364;;;;;;;;;;;;;;
KENNEDY;2019-12-21;;14.375;;;;;;;;;;;;;;
KENNEDY;2019-12-20;;25.0;;;;;;;;;;;;;;
KENNEDY;2019-12-19;;25.875;;;;;;;;;;;;;;
KENNEDY;2019-12-18;;25.95652174;;;;;;;;;;;;;;
KENNEDY;2019-12-17;;27.54545455;;;;;;;;;;;;;;
KENNEDY;2019-12-16;;23.95833333;;;;;;;;;;;;;;
KENNEDY;2019-12-15;;25.52380952;;;;;;;;;;;;;;
KENNEDY;2019-12-14;;27.92941176;;;;;;;;;;;;;;
KENNEDY;2019-12-13;;31.47083333;;;;;;;;;;;;;;
KENNEDY;2019-12-12;;28.625;;;;;;;;;;;;;;
KENNEDY;2019-12-11;;31.91666667;;;;;;;;;;;;;;
KENNEDY;2019-12-10;;32.08333333;;;;;;;;;;;;;;
KENNEDY;2019-12-09;;31.10526316;;;;;;;;;;;;;;
KENNEDY;2019-12-08;;26.27272727;;;;;;;;;;;;;;
KENNEDY;2019-12-07;;40.21363636;;;;;;;;;;;;;;
KENNEDY;2019-12-06;;41.41666667;;;;;;;;;;;;;;
KENNEDY;2019-12-05;;30.6952381;;;;;;;;;;;;;;
KENNEDY;2019-12-04;;32.08333333;;;;;;;;;;;;;;
KENNEDY;2019-12-03;;26.43181818;;;;;;;;;;;;;;
KENNEDY;2019-12-02;;24.68125;;;;;;;;;;;;;;
KENNEDY;2019-12-01;;11.37647059;;;;;;;;;;;;;;
KENNEDY;2019-11-30;;24.73333333;;;;;;;;;;;;;;
KENNEDY;2019-11-29;;41.29166667;;;;;;;;;;;;;;
KENNEDY;2019-11-28;;24.3375;;;;;;;;;;;;;;
KENNEDY;2019-11-27;;17.25;;;;;;;;;;;;;;
KENNEDY;2019-11-26;;16.35;;;;;;;;;;;;;;
KENNEDY;2019-11-25;;25.42916667;;;;;;;;;;;;;;
KENNEDY;2019-11-24;;26.425;;;;;;;;;;;;;;
KENNEDY;2019-11-23;;28.00952381;;;;;;;;;;;;;;
KENNEDY;2019-11-22;;26.35;;;;;;;;;;;;;;
KENNEDY;2019-11-21;;21.69565217;;;;;;;;;;;;;;
KENNEDY;2019-11-20;;21.58333333;;;;;;;;;;;;;;
KENNEDY;2019-11-19;;26.66666667;;;;;;;;;;;;;;
KENNEDY;2019-11-18;;23.70833333;;;;;;;;;;;;;;
KENNEDY;2019-11-17;;22.59090909;;;;;;;;;;;;;;
KENNEDY;2019-11-16;;29.54166667;;;;;;;;;;;;;;
KENNEDY;2019-11-15;;27.66666667;;;;;;;;;;;;;;
KENNEDY;2019-11-14;;30.0;;;;;;;;;;;;;;
KENNEDY;2019-11-13;;28.41304348;;;;;;;;;;;;;;
KENNEDY;2019-11-12;;24.16666667;;;;;;;;;;;;;;
KENNEDY;2019-11-11;;17.725;;;;;;;;;;;;;;
KENNEDY;2019-11-10;;26.29166667;;;;;;;;;;;;;;
KENNEDY;2019-11-09;;23.15;;;;;;;;;;;;;;
KENNEDY;2019-11-08;;23.29166667;;;;;;;;;;;;;;
KENNEDY;2019-11-07;;23.22727273;;;;;;;;;;;;;;
KENNEDY;2019-11-06;;25.79166667;;;;;;;;;;;;;;
KENNEDY;2019-11-05;;21.75;;;;;;;;;;;;;;
KENNEDY;2019-11-04;;16.63636364;;;;;;;;;;;;;;
KENNEDY;2019-11-03;;24.70833333;;;;;;;;;;;;;;
KENNEDY;2019-11-02;;36.34166667;;;;;;;;;;;;;;
KENNEDY;2019-11-01;;41.07916667;;;;;;;;;;;;;;
KENNEDY;2019-10-31;;35.29166667;;;;;;;;;;;;;;
KENNEDY;2019-10-30;;34.25;;;;;;;;;;;;;;
KENNEDY;2019-10-29;;28.32916667;;;;;;;;;;;;;;
KENNEDY;2019-10-28;;23.00434783;;;;;;;;;;;;;;
KENNEDY;2019-10-27;;16.95833333;;;;;;;;;;;;;;
KENNEDY;2019-10-26;;15.04166667;;;;;;;;;;;;;;
KENNEDY;2019-10-25;;16.75;;;;;;;;;;;;;;
KENNEDY;2019-10-24;;23.83333333;;;;;;;;;;;;;;
KENNEDY;2019-10-23;;34.83333333;;;;;;;;;;;;;;
KENNEDY;2019-10-22;;30.625;;;;;;;;;;;;;;
KENNEDY;2019-10-21;;27.75;;;;;;;;;;;;;;
KENNEDY;2019-10-20;;18.33333333;;;;;;;;;;;;;;
KENNEDY;2019-10-19;;17.375;;;;;;;;;;;;;;
KENNEDY;2019-10-18;;25.58333333;;;;;;;;;;;;;;
KENNEDY;2019-10-17;;33.45833333;;;;;;;;;;;;;;
KENNEDY;2019-10-16;;27.16666667;;;;;;;;;;;;;;
KENNEDY;2019-10-15;;31.91666667;;;;;;;;;;;;;;
KENNEDY;2019-10-14;;13.47826087;;;;;;;;;;;;;;
KENNEDY;2019-10-13;;11.91666667;;;;;;;;;;;;;;
KENNEDY;2019-10-12;;20.0;;;;;;;;;;;;;;
KENNEDY;2019-10-11;;29.20833333;;;;;;;;;;;;;;
KENNEDY;2019-10-10;;31.375;;;;;;;;;;;;;;
KENNEDY;2019-10-09;;28.41666667;;;;;;;;;;;;;;
KENNEDY;2019-10-08;;30.54166667;;;;;;;;;;;;;;
KENNEDY;2019-10-07;;29.08695652;;;;;;;;;;;;;;
KENNEDY;2019-10-06;;23.625;;;;;;;;;;;;;;
KENNEDY;2019-10-05;;30.125;;;;;;;;;;;;;;
KENNEDY;2019-10-04;;25.59090909;;;;;;;;;;;;;;
KENNEDY;2019-10-03;;18.58333333;;;;;;;;;;;;;;
KENNEDY;2019-10-02;;28.88888889;;;;;;;;;;;;;;
KENNEDY;2019-10-01;;34.47826087;;;;;;;;;;;;;;
KENNEDY;2019-09-30;;34.39130435;;;;;;;;;;;;;;
KENNEDY;2019-09-29;;22.86956522;;;;;;;;;;;;;;
KENNEDY;2019-09-28;;34.52941176;;;;;;;;;;;;;;
KENNEDY;2019-09-27;;31.95652174;;;;;;;;;;;;;;
KENNEDY;2019-09-26;;19.1875;;;;;;;;;;;;;;
KENNEDY;2019-09-25;;22.45909091;;;;;;;;;;;;;;
KENNEDY;2019-09-24;;35.54166667;;;;;;;;;;;;;;
KENNEDY;2019-09-23;;20.125;;;;;;;;;;;;;;
KENNEDY;2019-09-22;;20.83333333;;;;;;;;;;;;;;
KENNEDY;2019-09-21;;20.82608696;;;;;;;;;;;;;;
KENNEDY;2019-09-20;;39.40909091;;;;;;;;;;;;;;
KENNEDY;2019-09-19;;32.755;;;;;;;;;;;;;;
KENNEDY;2019-09-18;;32.18947368;;;;;;;;;;;;;;
KENNEDY;2019-09-17;;38.04347826;;;;;;;;;;;;;;
KENNEDY;2019-09-16;;30.85;;;;;;;;;;;;;;
KENNEDY;2019-09-15;;16.94736842;;;;;;;;;;;;;;
KENNEDY;2019-09-14;;15.7;;;;;;;;;;;;;;
KENNEDY;2019-09-13;;15.4875;;;;;;;;;;;;;;
KENNEDY;2019-09-12;;21.43478261;;;;;;;;;;;;;;
KENNEDY;2019-09-11;;21.54166667;;;;;;;;;;;;;;
KENNEDY;2019-09-10;;27.54166667;;;;;;;;;;;;;;
KENNEDY;2019-09-09;;18.75;;;;;;;;;;;;;;
KENNEDY;2019-09-08;;12.77272727;;;;;;;;;;;;;;
KENNEDY;2019-09-07;;16.33333333;;;;;;;;;;;;;;
KENNEDY;2019-09-06;;19.83333333;;;;;;;;;;;;;;
KENNEDY;2019-09-05;;19.20833333;;;;;;;;;;;;;;
KENNEDY;2019-09-04;;18.85;;;;;;;;;;;;;;
KENNEDY;2019-09-03;;25.95833333;;;;;;;;;;;;;;
KENNEDY;2019-09-02;;22.94444444;;;;;;;;;;;;;;
KENNEDY;2019-09-01;;15.91304348;;;;;;;;;;;;;;
KENNEDY;2019-08-31;;22.56521739;;;;;;;;;;;;;;
KENNEDY;2019-08-30;;34.0;;;;;;;;;;;;;;
KENNEDY;2019-08-29;;17.25;;;;;;;;;;;;;;
KENNEDY;2019-08-28;;15.2173913;;;;;;;;;;;;;;
KENNEDY;2019-08-27;;16.13043478;;;;;;;;;;;;;;
KENNEDY;2019-08-26;;13.70833333;;;;;;;;;;;;;;
KENNEDY;2019-08-25;;13.95833333;;;;;;;;;;;;;;
KENNEDY;2019-08-24;;12.0;;;;;;;;;;;;;;
KENNEDY;2019-08-23;;18.83333333;;;;;;;;;;;;;;
KENNEDY;2019-08-22;;25.125;;;;;;;;;;;;;;
KENNEDY;2019-08-21;;21.18181818;;;;;;;;;;;;;;
KENNEDY;2019-08-20;;24.625;;;;;;;;;;;;;;
KENNEDY;2019-08-19;;10.95238095;;;;;;;;;;;;;;
KENNEDY;2019-08-18;;18.0;;;;;;;;;;;;;;
KENNEDY;2019-08-17;;31.66666667;;;;;;;;;;;;;;
KENNEDY;2019-08-16;;47.16666667;;;;;;;;;;;;;;
KENNEDY;2019-08-15;;32.67916667;;;;;;;;;;;;;;
KENNEDY;2019-08-14;;19.95454545;;;;;;;;;;;;;;
KENNEDY;2019-08-13;;13.0;;;;;;;;;;;;;;
KENNEDY;2019-08-12;;14.75;;;;;;;;;;;;;;
KENNEDY;2019-08-11;;9.27272727;;;;;;;;;;;;;;
KENNEDY;2019-08-10;;17.86956522;;;;;;;;;;;;;;
KENNEDY;2019-08-09;;15.58333333;;;;;;;;;;;;;;
KENNEDY;2019-08-08;;17.91666667;;;;;;;;;;;;;;
KENNEDY;2019-08-07;;16.54166667;;;;;;;;;;;;;;
KENNEDY;2019-08-06;;18.30434783;;;;;;;;;;;;;;
KENNEDY;2019-08-05;;23.76086957;;;;;;;;;;;;;;
KENNEDY;2019-08-04;;13.47826087;;;;;;;;;;;;;;
KENNEDY;2019-08-03;;20.08333333;;;;;;;;;;;;;;
KENNEDY;2019-08-02;;25.375;;;;;;;;;;;;;;
KENNEDY;2019-08-01;;29.04166667;;;;;;;;;;;;;;
KENNEDY;2019-07-31;;16.5;;;;;;;;;;;;;;
KENNEDY;2019-07-30;;19.625;;;;;;;;;;;;;;
KENNEDY;2019-07-29;;16.125;;;;;;;;;;;;;;
KENNEDY;2019-07-28;;13.5;;;;;;;;;;;;;;
KENNEDY;2019-07-27;;19.33333333;;;;;;;;;;;;;;
KENNEDY;2019-07-26;;15.69565217;;;;;;;;;;;;;;
KENNEDY;2019-07-25;;25.875;;;;;;;;;;;;;;
KENNEDY;2019-07-24;;18.60833333;;;;;;;;;;;;;;
KENNEDY;2019-07-23;;15.975;;;;;;;;;;;;;;
KENNEDY;2019-07-22;;16.45833333;;;;;;;;;;;;;;
KENNEDY;2019-07-21;;10.95833333;;;;;;;;;;;;;;
KENNEDY;2019-07-20;;9.625;;;;;;;;;;;;;;
KENNEDY;2019-07-19;;11.94090909;;;;;;;;;;;;;;
KENNEDY;2019-07-18;;15.90909091;;;;;;;;;;;;;;
KENNEDY;2019-07-17;;22.625;;;;;;;;;;;;;;
KENNEDY;2019-07-16;;22.17391304;;;;;;;;;;;;;;
KENNEDY;2019-07-15;;17.51304348;;;;;;;;;;;;;;
KENNEDY;2019-07-14;;10.45833333;;;;;;;;;;;;;;
KENNEDY;2019-07-13;;18.34782609;;;;;;;;;;;;;;
KENNEDY;2019-07-12;;21.20833333;;;;;;;;;;;;;;
KENNEDY;2019-07-11;;21.42105263;;;;;;;;;;;;;;
KENNEDY;2019-07-10;;15.60869565;;;;;;;;;;;;;;
KENNEDY;2019-07-09;;20.70833333;;;;;;;;;;;;;;
KENNEDY;2019-07-08;;15.45217391;;;;;;;;;;;;;;
KENNEDY;2019-07-07;;11.95652174;;;;;;;;;;;;;;
KENNEDY;2019-07-06;;18.95833333;;;;;;;;;;;;;;
KENNEDY;2019-07-05;;26.25;;;;;;;;;;;;;;
KENNEDY;2019-07-04;;26.5;;;;;;;;;;;;;;
KENNEDY;2019-07-03;;21.5;;;;;;;;;;;;;;
KENNEDY;2019-07-02;;23.33333333;;;;;;;;;;;;;;
KENNEDY;2019-07-01;;9.75;;;;;;;;;;;;;;
KENNEDY;2019-06-30;;10.83333333;;;;;;;;;;;;;;
KENNEDY;2019-06-29;;14.75;;;;;;;;;;;;;;
KENNEDY;2019-06-28;;14.20833333;;;;;;;;;;;;;;
KENNEDY;2019-06-27;;17.70833333;;;;;;;;;;;;;;
KENNEDY;2019-06-26;;19.16666667;;;;;;;;;;;;;;
KENNEDY;2019-06-25;;19.70833333;;;;;;;;;;;;;;
KENNEDY;2019-06-24;;7.69565217;;;;;;;;;;;;;;
KENNEDY;2019-06-23;;9.36666667;;;;;;;;;;;;;;
KENNEDY;2019-06-22;;10.39130435;;;;;;;;;;;;;;
KENNEDY;2019-06-21;;11.83043478;;;;;;;;;;;;;;
KENNEDY;2019-06-20;;11.2;;;;;;;;;;;;;;
KENNEDY;2019-06-19;;11.30434783;;;;;;;;;;;;;;
KENNEDY;2019-06-18;;13.54166667;;;;;;;;;;;;;;
KENNEDY;2019-06-17;;11.80833333;;;;;;;;;;;;;;
KENNEDY;2019-06-16;;9.75;;;;;;;;;;;;;;
KENNEDY;2019-06-15;;17.45833333;;;;;;;;;;;;;;
KENNEDY;2019-06-14;;19.29166667;;;;;;;;;;;;;;
KENNEDY;2019-06-13;;19.41666667;;;;;;;;;;;;;;
KENNEDY;2019-06-12;;18.29166667;;;;;;;;;;;;;;
KENNEDY;2019-06-11;;17.95652174;;;;;;;;;;;;;;
KENNEDY;2019-06-10;;15.96666667;;;;;;;;;;;;;;
KENNEDY;2019-06-09;;12.16666667;;;;;;;;;;;;;;
KENNEDY;2019-06-08;;21.32916667;;;;;;;;;;;;;;
KENNEDY;2019-06-07;;20.0;;;;;;;;;;;;;;
KENNEDY;2019-06-06;;22.83333333;;;;;;;;;;;;;;
KENNEDY;2019-06-05;;13.29166667;;;;;;;;;;;;;;
KENNEDY;2019-06-04;;21.45833333;;;;;;;;;;;;;;
KENNEDY;2019-06-03;;13.54166667;;;;;;;;;;;;;;
KENNEDY;2019-06-02;;18.58333333;;;;;;;;;;;;;;
KENNEDY;2019-06-01;;24.26086957;;;;;;;;;;;;;;
KENNEDY;2019-05-31;;27.26666667;;;;;;;;;;;;;;
KENNEDY;2019-05-30;;24.9;;;;;;;;;;;;;;
KENNEDY;2019-05-29;;31.75;;;;;;;;;;;;;;
KENNEDY;2019-05-28;;22.95833333;;;;;;;;;;;;;;
KENNEDY;2019-05-27;;26.39130435;;;;;;;;;;;;;;
KENNEDY;2019-05-26;;16.79166667;;;;;;;;;;;;;;
KENNEDY;2019-05-25;;28.91666667;;;;;;;;;;;;;;
KENNEDY;2019-05-24;;22.12083333;;;;;;;;;;;;;;
KENNEDY;2019-05-23;;25.4875;;;;;;;;;;;;;;
KENNEDY;2019-05-22;;17.95833333;;;;;;;;;;;;;;
KENNEDY;2019-05-21;;22.29166667;;;;;;;;;;;;;;
KENNEDY;2019-05-20;;17.25;;;;;;;;;;;;;;
KENNEDY;2019-05-19;;19.56666667;;;;;;;;;;;;;;
KENNEDY;2019-05-18;;29.5;;;;;;;;;;;;;;
KENNEDY;2019-05-17;;23.66666667;;;;;;;;;;;;;;
KENNEDY;2019-05-16;;26.41666667;;;;;;;;;;;;;;
KENNEDY;2019-05-15;;14.45833333;;;;;;;;;;;;;;
KENNEDY;2019-05-14;;16.33333333;;;;;;;;;;;;;;
KENNEDY;2019-05-13;;19.52916667;;;;;;;;;;;;;;
KENNEDY;2019-05-12;;13.79166667;;;;;;;;;;;;;;
KENNEDY;2019-05-11;;27.75;;;;;;;;;;;;;;
KENNEDY;2019-05-10;;21.92916667;;;;;;;;;;;;;;
KENNEDY;2019-05-09;;23.60833333;;;;;;;;;;;;;;
KENNEDY;2019-05-08;;19.32916667;;;;;;;;;;;;;;
KENNEDY;2019-05-07;;16.9875;;;;;;;;;;;;;;
KENNEDY;2019-05-06;;15.69565217;;;;;;;;;;;;;;
KENNEDY;2019-05-05;;15.39130435;;;;;;;;;;;;;;
KENNEDY;2019-05-04;;25.05;;;;;;;;;;;;;;
KENNEDY;2019-05-03;;31.0375;;;;;;;;;;;;;;
KENNEDY;2019-05-02;;37.40909091;;;;;;;;;;;;;;
KENNEDY;2019-05-01;;30.26666667;;;;;;;;;;;;;;
KENNEDY;2019-04-30;;27.88695652;;;;;;;;;;;;;;
KENNEDY;2019-04-29;;16.04545455;;;;;;;;;;;;;;
KENNEDY;2019-04-28;;12.12916667;;;;;;;;;;;;;;
KENNEDY;2019-04-27;;17.79166667;;;;;;;;;;;;;;
KENNEDY;2019-04-26;;24.20833333;;;;;;;;;;;;;;
KENNEDY;2019-04-25;;22.16666667;;;;;;;;;;;;;;
KENNEDY;2019-04-24;;26.1125;;;;;;;;;;;;;;
KENNEDY;2019-04-23;;35.58333333;;;;;;;;;;;;;;
KENNEDY;2019-04-22;;23.55;;;;;;;;;;;;;;
KENNEDY;2019-04-21;;13.75652174;;;;;;;;;;;;;;
KENNEDY;2019-04-20;;12.00833333;;;;;;;;;;;;;;
KENNEDY;2019-04-19;;15.16666667;;;;;;;;;;;;;;
KENNEDY;2019-04-18;;21.41666667;;;;;;;;;;;;;;
KENNEDY;2019-04-17;;38.52380952;;;;;;;;;;;;;;
KENNEDY;2019-04-16;;36.5;;;;;;;;;;;;;;
KENNEDY;2019-04-15;;21.47826087;;;;;;;;;;;;;;
KENNEDY;2019-04-14;;30.16666667;;;;;;;;;;;;;;
KENNEDY;2019-04-13;;34.45833333;;;;;;;;;;;;;;
KENNEDY;2019-04-12;;36.96521739;;;;;;;;;;;;;;
KENNEDY;2019-04-11;;40.79166667;;;;;;;;;;;;;;
KENNEDY;2019-04-10;;33.38333333;;;;;;;;;;;;;;
KENNEDY;2019-04-09;;46.45833333;;;;;;;;;;;;;;
KENNEDY;2019-04-08;;47.30434783;;;;;;;;;;;;;;
KENNEDY;2019-04-07;;33.875;;;;;;;;;;;;;;
KENNEDY;2019-04-06;;21.625;;;;;;;;;;;;;;
KENNEDY;2019-04-05;;32.45833333;;;;;;;;;;;;;;
KENNEDY;2019-04-04;;19.20833333;;;;;;;;;;;;;;
KENNEDY;2019-04-03;;39.79166667;;;;;;;;;;;;;;
KENNEDY;2019-04-02;;27.275;;;;;;;;;;;;;;
KENNEDY;2019-04-01;;22.47826087;;;;;;;;;;;;;;
KENNEDY;2019-03-31;;21.73913043;;;;;;;;;;;;;;
KENNEDY;2019-03-30;;31.1;;;;;;;;;;;;;;
KENNEDY;2019-03-29;;42.0;;;;;;;;;;;;;;
KENNEDY;2019-03-28;;66.875;;;;;;;;;;;;;;
KENNEDY;2019-03-27;;48.91666667;;;;;;;;;;;;;;
KENNEDY;2019-03-26;;51.91666667;;;;;;;;;;;;;;
KENNEDY;2019-03-25;;39.58333333;;;;;;;;;;;;;;
KENNEDY;2019-03-24;;38.41304348;;;;;;;;;;;;;;
KENNEDY;2019-03-23;;31.45833333;;;;;;;;;;;;;;
KENNEDY;2019-03-22;;29.74583333;;;;;;;;;;;;;;
KENNEDY;2019-03-21;;38.04166667;;;;;;;;;;;;;;
KENNEDY;2019-03-20;;32.83333333;;;;;;;;;;;;;;
KENNEDY;2019-03-19;;30.81818182;;;;;;;;;;;;;;
KENNEDY;2019-03-18;;33.625;;;;;;;;;;;;;;
KENNEDY;2019-03-17;;26.625;;;;;;;;;;;;;;
KENNEDY;2019-03-16;;31.875;;;;;;;;;;;;;;
KENNEDY;2019-03-15;;37.125;;;;;;;;;;;;;;
KENNEDY;2019-03-14;;37.54166667;;;;;;;;;;;;;;
KENNEDY;2019-03-13;;37.41666667;;;;;;;;;;;;;;
KENNEDY;2019-03-12;;34.58333333;;;;;;;;;;;;;;
KENNEDY;2019-03-11;;22.58333333;;;;;;;;;;;;;;
KENNEDY;2019-03-10;;19.925;;;;;;;;;;;;;;
KENNEDY;2019-03-09;;31.70833333;;;;;;;;;;;;;;
KENNEDY;2019-03-08;;45.45833333;;;;;;;;;;;;;;
KENNEDY;2019-03-07;;48.0;;;;;;;;;;;;;;
KENNEDY;2019-03-06;;41.16666667;;;;;;;;;;;;;;
KENNEDY;2019-03-05;;38.58333333;;;;;;;;;;;;;;
KENNEDY;2019-03-04;;43.125;;;;;;;;;;;;;;
KENNEDY;2019-03-03;;26.41666667;;;;;;;;;;;;;;
KENNEDY;2019-03-02;;38.75;;;;;;;;;;;;;;
KENNEDY;2019-03-01;;44.58333333;;;;;;;;;;;;;;
KENNEDY;2019-02-28;;35.2173913;;;;;;;;;;;;;;
KENNEDY;2019-02-27;;38.83333333;;;;;;;;;;;;;;
KENNEDY;2019-02-26;;45.20833333;;;;;;;;;;;;;;
KENNEDY;2019-02-25;;30.46818182;;;;;;;;;;;;;;
KENNEDY;2019-02-24;;24.18181818;;;;;;;;;;;;;;
KENNEDY;2019-02-23;;38.27916667;;;;;;;;;;;;;;
KENNEDY;2019-02-22;;37.125;;;;;;;;;;;;;;
KENNEDY;2019-02-21;;31.66666667;;;;;;;;;;;;;;
KENNEDY;2019-02-20;;30.45833333;;;;;;;;;;;;;;
KENNEDY;2019-02-19;;25.25;;;;;;;;;;;;;;
KENNEDY;2019-02-18;;29.57142857;;;;;;;;;;;;;;
KENNEDY;2019-02-17;;28.29166667;;;;;;;;;;;;;;
KENNEDY;2019-02-16;;29.625;;;;;;;;;;;;;;
KENNEDY;2019-02-15;;45.5;;;;;;;;;;;;;;
KENNEDY;2019-02-14;;45.91666667;;;;;;;;;;;;;;
KENNEDY;2019-02-13;;36.125;;;;;;;;;;;;;;
KENNEDY;2019-02-12;;39.41666667;;;;;;;;;;;;;;
KENNEDY;2019-02-11;;38.20833333;;;;;;;;;;;;;;
KENNEDY;2019-02-10;;36.0;;;;;;;;;;;;;;
KENNEDY;2019-02-09;;28.70833333;;;;;;;;;;;;;;
KENNEDY;2019-02-08;;32.91666667;;;;;;;;;;;;;;
KENNEDY;2019-02-07;;32.17391304;;;;;;;;;;;;;;
KENNEDY;2019-02-06;;42.71428571;;;;;;;;;;;;;;
KENNEDY;2019-02-05;;46.79166667;;;;;;;;;;;;;;
KENNEDY;2019-02-04;;37.58333333;;;;;;;;;;;;;;
KENNEDY;2019-02-03;;22.0;;;;;;;;;;;;;;
KENNEDY;2019-02-02;;40.79166667;;;;;;;;;;;;;;
KENNEDY;2019-02-01;;32.16666667;;;;;;;;;;;;;;
KENNEDY;2019-01-31;;49.75;;;;;;;;;;;;;;
KENNEDY;2019-01-30;;46.65217391;;;;;;;;;;;;;;
KENNEDY;2019-01-29;;33.33333333;;;;;;;;;;;;;;
KENNEDY;2019-01-28;;33.0;;;;;;;;;;;;;;
KENNEDY;2019-01-27;;27.5;;;;;;;;;;;;;;
KENNEDY;2019-01-26;;25.08333333;;;;;;;;;;;;;;
KENNEDY;2019-01-25;;23.79166667;;;;;;;;;;;;;;
KENNEDY;2019-01-24;;18.20833333;;;;;;;;;;;;;;
KENNEDY;2019-01-23;;16.45833333;;;;;;;;;;;;;;
KENNEDY;2019-01-22;;21.91666667;;;;;;;;;;;;;;
KENNEDY;2019-01-21;;25.45833333;;;;;;;;;;;;;;
KENNEDY;2019-01-20;;13.875;;;;;;;;;;;;;;
KENNEDY;2019-01-19;;21.5;;;;;;;;;;;;;;
KENNEDY;2019-01-18;;18.83333333;;;;;;;;;;;;;;
KENNEDY;2019-01-17;;23.20833333;;;;;;;;;;;;;;
KENNEDY;2019-01-16;;21.04166667;;;;;;;;;;;;;;
KENNEDY;2019-01-15;;21.33333333;;;;;;;;;;;;;;
KENNEDY;2019-01-14;;25.83333333;;;;;;;;;;;;;;
KENNEDY;2019-01-13;;27.83333333;;;;;;;;;;;;;;
KENNEDY;2019-01-12;;36.45833333;;;;;;;;;;;;;;
KENNEDY;2019-01-11;;24.17391304;;;;;;;;;;;;;;
KENNEDY;2019-01-10;;16.30434783;;;;;;;;;;;;;;
KENNEDY;2019-01-09;;24.66666667;;;;;;;;;;;;;;
KENNEDY;2019-01-08;;25.5;;;;;;;;;;;;;;
KENNEDY;2019-01-07;;25.79166667;;;;;;;;;;;;;;
KENNEDY;2019-01-06;;20.54166667;;;;;;;;;;;;;;
KENNEDY;2019-01-05;;29.25;;;;;;;;;;;;;;
KENNEDY;2019-01-04;;20.0;;;;;;;;;;;;;;
KENNEDY;2019-01-03;;14.57142857;;;;;;;;;;;;;;
KENNEDY;2019-01-02;;10.45833333;;;;;;;;;;;;;;
KENNEDY;2019-01-01;;19.69565217;;;;;;;;;;;;;;
KENNEDY;2018-12-31;;22.5;;;;;;;;;;;;;;
KENNEDY;2018-12-30;;23.29166667;;;;;;;;;;;;;;
KENNEDY;2018-12-29;;21.58333333;;;;;;;;;;;;;;
KENNEDY;2018-12-28;;29.625;;;;;;;;;;;;;;
KENNEDY;2018-12-27;;24.29166667;;;;;;;;;;;;;;
KENNEDY;2018-12-26;;23.79166667;;;;;;;;;;;;;;
KENNEDY;2018-12-25;;36.25;;;;;;;;;;;;;;
KENNEDY;2018-12-24;;31.45833333;;;;;;;;;;;;;;
KENNEDY;2018-12-23;;26.29166667;;;;;;;;;;;;;;
KENNEDY;2018-12-22;;20.70833333;;;;;;;;;;;;;;
KENNEDY;2018-12-21;;30.66666667;;;;;;;;;;;;;;
KENNEDY;2018-12-20;;33.625;;;;;;;;;;;;;;
KENNEDY;2018-12-19;;31.47826087;;;;;;;;;;;;;;
KENNEDY;2018-12-18;;37.91666667;;;;;;;;;;;;;;
KENNEDY;2018-12-17;;31.41666667;;;;;;;;;;;;;;
KENNEDY;2018-12-16;;23.875;;;;;;;;;;;;;;
KENNEDY;2018-12-15;;31.29166667;;;;;;;;;;;;;;
KENNEDY;2018-12-14;;31.33333333;;;;;;;;;;;;;;
KENNEDY;2018-12-13;;21.79166667;;;;;;;;;;;;;;
KENNEDY;2018-12-12;;25.25;;;;;;;;;;;;;;
KENNEDY;2018-12-11;;28.16666667;;;;;;;;;;;;;;
KENNEDY;2018-12-10;;31.0;;;;;;;;;;;;;;
KENNEDY;2018-12-09;;36.2173913;;;;;;;;;;;;;;
KENNEDY;2018-12-08;;54.09090909;;;;;;;;;;;;;;
KENNEDY;2018-12-07;;70.2;;;;;;;;;;;;;;
KENNEDY;2018-12-06;;22.20833333;;;;;;;;;;;;;;
KENNEDY;2018-12-05;;21.20833333;;;;;;;;;;;;;;
KENNEDY;2018-12-04;;26.375;;;;;;;;;;;;;;
KENNEDY;2018-12-03;;22.875;;;;;;;;;;;;;;
KENNEDY;2018-12-02;;19.75;;;;;;;;;;;;;;
KENNEDY;2018-12-01;;18.25;;;;;;;;;;;;;;
KENNEDY;2018-11-30;;22.04166667;;;;;;;;;;;;;;
KENNEDY;2018-11-29;;24.39130435;;;;;;;;;;;;;;
KENNEDY;2018-11-28;;17.82608696;;;;;;;;;;;;;;
KENNEDY;2018-11-27;;28.16666667;;;;;;;;;;;;;;
KENNEDY;2018-11-26;;22.95454545;;;;;;;;;;;;;;
KENNEDY;2018-11-25;;19.83333333;;;;;;;;;;;;;;
KENNEDY;2018-11-24;;32.16666667;;;;;;;;;;;;;;
KENNEDY;2018-11-23;;19.58333333;;;;;;;;;;;;;;
KENNEDY;2018-11-22;;27.66666667;;;;;;;;;;;;;;
KENNEDY;2018-11-21;;27.52173913;;;;;;;;;;;;;;
KENNEDY;2018-11-20;;21.875;;;;;;;;;;;;;;
KENNEDY;2018-11-19;;25.5;;;;;;;;;;;;;;
KENNEDY;2018-11-18;;16.70833333;;;;;;;;;;;;;;
KENNEDY;2018-11-17;;21.91666667;;;;;;;;;;;;;;
KENNEDY;2018-11-16;;30.83333333;;;;;;;;;;;;;;
KENNEDY;2018-11-15;;41.66666667;;;;;;;;;;;;;;
KENNEDY;2018-11-14;;42.47826087;;;;;;;;;;;;;;
KENNEDY;2018-11-13;;40.29166667;;;;;;;;;;;;;;
KENNEDY;2018-11-12;;17.625;;;;;;;;;;;;;;
KENNEDY;2018-11-11;;23.875;;;;;;;;;;;;;;
KENNEDY;2018-11-10;;22.04166667;;;;;;;;;;;;;;
KENNEDY;2018-11-09;;26.66666667;;;;;;;;;;;;;;
KENNEDY;2018-11-08;;22.61904762;;;;;;;;;;;;;;
KENNEDY;2018-11-07;;24.2173913;;;;;;;;;;;;;;
KENNEDY;2018-11-06;;22.52380952;;;;;;;;;;;;;;
KENNEDY;2018-11-05;;11.125;;;;;;;;;;;;;;
KENNEDY;2018-11-04;;27.39130435;;;;;;;;;;;;;;
KENNEDY;2018-11-03;;19.04166667;;;;;;;;;;;;;;
KENNEDY;2018-11-02;;24.45454545;;;;;;;;;;;;;;
KENNEDY;2018-11-01;;18.75;;;;;;;;;;;;;;
KENNEDY;2018-10-31;;24.7826087;;;;;;;;;;;;;;
KENNEDY;2018-10-30;;29.59090909;;;;;;;;;;;;;;
KENNEDY;2018-10-29;;24.13043478;;;;;;;;;;;;;;
KENNEDY;2018-10-28;;16.2173913;;;;;;;;;;;;;;
KENNEDY;2018-10-27;;15.31818182;;;;;;;;;;;;;;
KENNEDY;2018-10-26;;19.73913043;;;;;;;;;;;;;;
KENNEDY;2018-10-25;;21.08333333;;;;;;;;;;;;;;
KENNEDY;2018-10-24;;13.08333333;;;;;;;;;;;;;;
KENNEDY;2018-10-23;;10.91666667;;;;;;;;;;;;;;
KENNEDY;2018-10-22;;26.95652174;;;;;;;;;;;;;;
KENNEDY;2018-10-21;;12.69565217;;;;;;;;;;;;;;
KENNEDY;2018-10-20;;17.54166667;;;;;;;;;;;;;;
KENNEDY;2018-10-19;;25.04166667;;;;;;;;;;;;;;
KENNEDY;2018-10-18;;35.31818182;;;;;;;;;;;;;;
KENNEDY;2018-10-17;;30.36363636;;;;;;;;;;;;;;
KENNEDY;2018-10-16;;19.30434783;;;;;;;;;;;;;;
KENNEDY;2018-10-15;;15.375;;;;;;;;;;;;;;
KENNEDY;2018-10-14;;28.80952381;;;;;;;;;;;;;;
KENNEDY;2018-10-13;;37.89473684;;;;;;;;;;;;;;
KENNEDY;2018-10-12;;37.0;;;;;;;;;;;;;;
KENNEDY;2018-10-11;;27.5;;;;;;;;;;;;;;
KENNEDY;2018-10-10;;23.66666667;;;;;;;;;;;;;;
KENNEDY;2018-10-09;;18.58333333;;;;;;;;;;;;;;
KENNEDY;2018-10-08;;16.58333333;;;;;;;;;;;;;;
KENNEDY;2018-10-07;;19.65217391;;;;;;;;;;;;;;
KENNEDY;2018-10-06;;18.43478261;;;;;;;;;;;;;;
KENNEDY;2018-10-05;;22.79166667;;;;;;;;;;;;;;
KENNEDY;2018-10-04;;19.9047619;;;;;;;;;;;;;;
KENNEDY;2018-10-03;;34.17391304;;;;;;;;;;;;;;
KENNEDY;2018-10-02;;26.4;;;;;;;;;;;;;;
KENNEDY;2018-10-01;;21.73913043;;;;;;;;;;;;;;
KENNEDY;2018-09-30;;19.9;;;;;;;;;;;;;;
KENNEDY;2018-09-29;;24.70588235;;;;;;;;;;;;;;
KENNEDY;2018-09-28;;25.125;;;;;;;;;;;;;;
KENNEDY;2018-09-27;;17.29166667;;;;;;;;;;;;;;
KENNEDY;2018-09-26;;25.5;;;;;;;;;;;;;;
KENNEDY;2018-09-25;;22.75;;;;;;;;;;;;;;
KENNEDY;2018-09-24;;13.58095238;;;;;;;;;;;;;;
KENNEDY;2018-09-23;;16.61904762;;;;;;;;;;;;;;
KENNEDY;2018-09-22;;16.45454545;;;;;;;;;;;;;;
KENNEDY;2018-09-21;;20.54545455;;;;;;;;;;;;;;
KENNEDY;2018-09-20;;17.90909091;;;;;;;;;;;;;;
KENNEDY;2018-09-19;;21.83333333;;;;;;;;;;;;;;
KENNEDY;2018-09-18;;20.20833333;;;;;;;;;;;;;;
KENNEDY;2018-09-17;;22.875;;;;;;;;;;;;;;
KENNEDY;2018-09-16;;15.91304348;;;;;;;;;;;;;;
KENNEDY;2018-09-15;;19.41666667;;;;;;;;;;;;;;
KENNEDY;2018-09-14;;29.625;;;;;;;;;;;;;;
KENNEDY;2018-09-13;;31.08333333;;;;;;;;;;;;;;
KENNEDY;2018-09-12;;27.20833333;;;;;;;;;;;;;;
KENNEDY;2018-09-11;;27.08333333;;;;;;;;;;;;;;
KENNEDY;2018-09-10;;22.25;;;;;;;;;;;;;;
KENNEDY;2018-09-09;;14.66666667;;;;;;;;;;;;;;
KENNEDY;2018-09-08;;15.83333333;;;;;;;;;;;;;;
KENNEDY;2018-09-07;;21.65217391;;;;;;;;;;;;;;
KENNEDY;2018-09-06;;27.0;;;;;;;;;;;;;;
KENNEDY;2018-09-05;;20.08333333;;;;;;;;;;;;;;
KENNEDY;2018-09-04;;19.79166667;;;;;;;;;;;;;;
KENNEDY;2018-09-03;;23.0;;;;;;;;;;;;;;
KENNEDY;2018-09-02;;22.125;;;;;;;;;;;;;;
KENNEDY;2018-09-01;;29.29166667;;;;;;;;;;;;;;
KENNEDY;2018-08-31;;32.33333333;;;;;;;;;;;;;;
KENNEDY;2018-08-30;;26.29166667;;;;;;;;;;;;;;
KENNEDY;2018-08-29;;22.625;;;;;;;;;;;;;;
KENNEDY;2018-08-28;;23.75;;;;;;;;;;;;;;
KENNEDY;2018-08-27;;16.79166667;;;;;;;;;;;;;;
KENNEDY;2018-08-26;;13.58333333;;;;;;;;;;;;;;
KENNEDY;2018-08-25;;14.79166667;;;;;;;;;;;;;;
KENNEDY;2018-08-24;;19.75;;;;;;;;;;;;;;
KENNEDY;2018-08-23;;21.66666667;;;;;;;;;;;;;;
KENNEDY;2018-08-22;;14.29166667;;;;;;;;;;;;;;
KENNEDY;2018-08-21;;17.375;;;;;;;;;;;;;;
KENNEDY;2018-08-20;;14.625;;;;;;;;;;;;;;
KENNEDY;2018-08-19;;13.58333333;;;;;;;;;;;;;;
KENNEDY;2018-08-18;;21.31818182;;;;;;;;;;;;;;
KENNEDY;2018-08-17;;17.70833333;;;;;;;;;;;;;;
KENNEDY;2018-08-16;;26.36363636;;;;;;;;;;;;;;
KENNEDY;2018-08-15;;22.7826087;;;;;;;;;;;;;;
KENNEDY;2018-08-14;;22.16666667;;;;;;;;;;;;;;
KENNEDY;2018-08-13;;20.625;;;;;;;;;;;;;;
KENNEDY;2018-08-12;;13.625;;;;;;;;;;;;;;
KENNEDY;2018-08-11;;26.33333333;;;;;;;;;;;;;;
KENNEDY;2018-08-10;;19.125;;;;;;;;;;;;;;
KENNEDY;2018-08-09;;15.91666667;;;;;;;;;;;;;;
KENNEDY;2018-08-08;;20.08333333;;;;;;;;;;;;;;
KENNEDY;2018-08-07;;16.45833333;;;;;;;;;;;;;;
KENNEDY;2018-08-06;;16.83333333;;;;;;;;;;;;;;
KENNEDY;2018-08-05;;12.41666667;;;;;;;;;;;;;;
KENNEDY;2018-08-04;;17.83333333;;;;;;;;;;;;;;
KENNEDY;2018-08-03;;25.79166667;;;;;;;;;;;;;;
KENNEDY;2018-08-02;;25.375;;;;;;;;;;;;;;
KENNEDY;2018-08-01;;26.66666667;;;;;;;;;;;;;;
KENNEDY;2018-07-31;;28.70833333;;;;;;;;;;;;;;
KENNEDY;2018-07-30;;18.54166667;;;;;;;;;;;;;;
KENNEDY;2018-07-29;;14.08333333;;;;;;;;;;;;;;
KENNEDY;2018-07-28;;17.625;;;;;;;;;;;;;;
KENNEDY;2018-07-27;;15.16666667;;;;;;;;;;;;;;
KENNEDY;2018-07-26;;15.5;;;;;;;;;;;;;;
KENNEDY;2018-07-25;;20.375;;;;;;;;;;;;;;
KENNEDY;2018-07-24;;18.99583333;;;;;;;;;;;;;;
KENNEDY;2018-07-23;;25.70833333;;;;;;;;;;;;;;
KENNEDY;2018-07-22;;26.43333333;;;;;;;;;;;;;;
KENNEDY;2018-07-21;;19.93333333;;;;;;;;;;;;;;
KENNEDY;2018-07-20;;11.22083333;;;;;;;;;;;;;;
KENNEDY;2018-07-19;;17.45454545;;;;;;;;;;;;;;
KENNEDY;2018-07-18;;16.00434783;;;;;;;;;;;;;;
KENNEDY;2018-07-17;;17.81363636;;;;;;;;;;;;;;
KENNEDY;2018-07-16;;13.1875;;;;;;;;;;;;;;
KENNEDY;2018-07-15;;8.14347826;;;;;;;;;;;;;;
KENNEDY;2018-07-14;;10.95;;;;;;;;;;;;;;
KENNEDY;2018-07-13;;14.12380952;;;;;;;;;;;;;;
KENNEDY;2018-07-12;;11.54782609;;;;;;;;;;;;;;
KENNEDY;2018-07-11;;15.4125;;;;;;;;;;;;;;
KENNEDY;2018-07-10;;15.1625;;;;;;;;;;;;;;
KENNEDY;2018-07-09;;15.31818182;;;;;;;;;;;;;;
KENNEDY;2018-07-08;;12.74583333;;;;;;;;;;;;;;
KENNEDY;2018-07-07;;17.01666667;;;;;;;;;;;;;;
KENNEDY;2018-07-06;;20.00833333;;;;;;;;;;;;;;
KENNEDY;2018-07-05;;12.62083333;;;;;;;;;;;;;;
KENNEDY;2018-07-04;;21.30416667;;;;;;;;;;;;;;
KENNEDY;2018-07-03;;26.9875;;;;;;;;;;;;;;
KENNEDY;2018-07-02;;19.3;;;;;;;;;;;;;;
KENNEDY;2018-07-01;;18.99166667;;;;;;;;;;;;;;
KENNEDY;2018-06-30;;22.24583333;;;;;;;;;;;;;;
KENNEDY;2018-06-29;;27.25416667;;;;;;;;;;;;;;
KENNEDY;2018-06-28;;19.42608696;;;;;;;;;;;;;;
KENNEDY;2018-06-27;;20.9625;;;;;;;;;;;;;;
KENNEDY;2018-06-26;;20.86666667;;;;;;;;;;;;;;
KENNEDY;2018-06-25;;13.60416667;;;;;;;;;;;;;;
KENNEDY;2018-06-24;;10.6125;;;;;;;;;;;;;;
KENNEDY;2018-06-23;;16.3375;;;;;;;;;;;;;;
KENNEDY;2018-06-22;;23.4375;;;;;;;;;;;;;;
KENNEDY;2018-06-21;;16.17916667;;;;;;;;;;;;;;
KENNEDY;2018-06-20;;13.75833333;;;;;;;;;;;;;;
KENNEDY;2018-06-19;;8.48333333;;;;;;;;;;;;;;
KENNEDY;2018-06-18;;9.70833333;;;;;;;;;;;;;;
KENNEDY;2018-06-17;;11.35;;;;;;;;;;;;;;
KENNEDY;2018-06-16;;16.62916667;;;;;;;;;;;;;;
KENNEDY;2018-06-15;;18.32916667;;;;;;;;;;;;;;
KENNEDY;2018-06-14;;15.05416667;;;;;;;;;;;;;;
KENNEDY;2018-06-13;;21.3875;;;;;;;;;;;;;;
KENNEDY;2018-06-12;;22.20555556;;;;;;;;;;;;;;
KENNEDY;2018-06-11;;10.58333333;;;;;;;;;;;;;;
KENNEDY;2018-06-10;;8.625;;;;;;;;;;;;;;
KENNEDY;2018-06-09;;12.45833333;;;;;;;;;;;;;;
KENNEDY;2018-06-08;;17.79166667;;;;;;;;;;;;;;
KENNEDY;2018-06-07;;21.52173913;;;;;;;;;;;;;;
KENNEDY;2018-06-06;;16.17391304;;;;;;;;;;;;;;
KENNEDY;2018-06-05;;15.25;;;;;;;;;;;;;;
KENNEDY;2018-06-04;;11.0;;;;;;;;;;;;;;
KENNEDY;2018-06-03;;12.04545455;;;;;;;;;;;;;;
KENNEDY;2018-06-02;;26.83333333;;;;;;;;;;;;;;
KENNEDY;2018-06-01;;28.25;;;;;;;;;;;;;;
KENNEDY;2018-05-31;;20.625;;;;;;;;;;;;;;
KENNEDY;2018-05-30;;23.375;;;;;;;;;;;;;;
KENNEDY;2018-05-29;;21.54545455;;;;;;;;;;;;;;
KENNEDY;2018-05-28;;24.39130435;;;;;;;;;;;;;;
KENNEDY;2018-05-27;;14.79166667;;;;;;;;;;;;;;
KENNEDY;2018-05-26;;14.20833333;;;;;;;;;;;;;;
KENNEDY;2018-05-25;;20.04166667;;;;;;;;;;;;;;
KENNEDY;2018-05-24;;18.58333333;;;;;;;;;;;;;;
KENNEDY;2018-05-23;;19.95833333;;;;;;;;;;;;;;
KENNEDY;2018-05-22;;25.16666667;;;;;;;;;;;;;;
KENNEDY;2018-05-21;;19.86956522;;;;;;;;;;;;;;
KENNEDY;2018-05-20;;16.33333333;;;;;;;;;;;;;;
KENNEDY;2018-05-19;;23.70833333;;;;;;;;;;;;;;
KENNEDY;2018-05-18;;33.5;;;;;;;;;;;;;;
KENNEDY;2018-05-17;;19.36363636;;;;;;;;;;;;;;
KENNEDY;2018-05-16;;32.25;;;;;;;;;;;;;;
KENNEDY;2018-05-15;;17.0;;;;;;;;;;;;;;
KENNEDY;2018-05-14;;13.09090909;;;;;;;;;;;;;;
KENNEDY;2018-05-13;;18.75;;;;;;;;;;;;;;
KENNEDY;2018-05-12;;16.625;;;;;;;;;;;;;;
KENNEDY;2018-05-11;;27.34782609;;;;;;;;;;;;;;
KENNEDY;2018-05-10;;21.86956522;;;;;;;;;;;;;;
KENNEDY;2018-05-09;;18.81818182;;;;;;;;;;;;;;
KENNEDY;2018-05-08;;20.0;;;;;;;;;;;;;;
KENNEDY;2018-05-07;;18.79166667;;;;;;;;;;;;;;
KENNEDY;2018-05-06;;20.47826087;;;;;;;;;;;;;;
KENNEDY;2018-05-05;;23.91304348;;;;;;;;;;;;;;
KENNEDY;2018-05-04;;29.52173913;;;;;;;;;;;;;;
KENNEDY;2018-05-03;;20.875;;;;;;;;;;;;;;
KENNEDY;2018-05-02;;20.95454545;;;;;;;;;;;;;;
KENNEDY;2018-05-01;;31.875;;;;;;;;;;;;;;
KENNEDY;2018-04-30;;28.91666667;;;;;;;;;;;;;;
KENNEDY;2018-04-29;;27.875;;;;;;;;;;;;;;
KENNEDY;2018-04-28;;28.04166667;;;;;;;;;;;;;;
KENNEDY;2018-04-27;;28.33333333;;;;;;;;;;;;;;
KENNEDY;2018-04-26;;17.95833333;;;;;;;;;;;;;;
KENNEDY;2018-04-25;;27.40909091;;;;;;;;;;;;;;
KENNEDY;2018-04-24;;29.13043478;;;;;;;;;;;;;;
KENNEDY;2018-04-23;;18.75;;;;;;;;;;;;;;
KENNEDY;2018-04-22;;18.58333333;;;;;;;;;;;;;;
KENNEDY;2018-04-21;;25.75;;;;;;;;;;;;;;
KENNEDY;2018-04-20;;20.31818182;;;;;;;;;;;;;;
KENNEDY;2018-04-19;;16.0;;;;;;;;;;;;;;
KENNEDY;2018-04-18;;25.95833333;;;;;;;;;;;;;;
KENNEDY;2018-04-17;;31.13043478;;;;;;;;;;;;;;
KENNEDY;2018-04-16;;31.59090909;;;;;;;;;;;;;;
KENNEDY;2018-04-15;;21.875;;;;;;;;;;;;;;
KENNEDY;2018-04-14;;28.375;;;;;;;;;;;;;;
KENNEDY;2018-04-13;;39.47826087;;;;;;;;;;;;;;
KENNEDY;2018-04-12;;28.375;;;;;;;;;;;;;;
KENNEDY;2018-04-11;;33.875;;;;;;;;;;;;;;
KENNEDY;2018-04-10;;30.17391304;;;;;;;;;;;;;;
KENNEDY;2018-04-09;;33.30434783;;;;;;;;;;;;;;
KENNEDY;2018-04-08;;32.41666667;;;;;;;;;;;;;;
KENNEDY;2018-04-07;;28.20833333;;;;;;;;;;;;;;
KENNEDY;2018-04-06;;15.79166667;;;;;;;;;;;;;;
KENNEDY;2018-04-05;;30.5;;;;;;;;;;;;;;
KENNEDY;2018-04-04;;36.66666667;;;;;;;;;;;;;;
KENNEDY;2018-04-03;;28.625;;;;;;;;;;;;;;
KENNEDY;2018-04-02;;22.13043478;;;;;;;;;;;;;;
KENNEDY;2018-04-01;;14.40909091;;;;;;;;;;;;;;
KENNEDY;2018-03-31;;15.33333333;;;;;;;;;;;;;;
KENNEDY;2018-03-30;;19.58333333;;;;;;;;;;;;;;
KENNEDY;2018-03-29;;12.33333333;;;;;;;;;;;;;;
KENNEDY;2018-03-28;;35.875;;;;;;;;;;;;;;
KENNEDY;2018-03-27;;40.70833333;;;;;;;;;;;;;;
KENNEDY;2018-03-26;;35.04166667;;;;;;;;;;;;;;
KENNEDY;2018-03-25;;25.45833333;;;;;;;;;;;;;;
KENNEDY;2018-03-24;;30.17391304;;;;;;;;;;;;;;
KENNEDY;2018-03-23;;52.04347826;;;;;;;;;;;;;;
KENNEDY;2018-03-22;;44.75;;;;;;;;;;;;;;
KENNEDY;2018-03-21;;38.79166667;;;;;;;;;;;;;;
KENNEDY;2018-03-20;;33.66666667;;;;;;;;;;;;;;
KENNEDY;2018-03-19;;30.86956522;;;;;;;;;;;;;;
KENNEDY;2018-03-18;;40.73913043;;;;;;;;;;;;;;
KENNEDY;2018-03-17;;32.75;;;;;;;;;;;;;;
KENNEDY;2018-03-16;;34.75;;;;;;;;;;;;;;
KENNEDY;2018-03-15;;49.45833333;;;;;;;;;;;;;;
KENNEDY;2018-03-14;;37.375;;;;;;;;;;;;;;
KENNEDY;2018-03-13;;37.04166667;;;;;;;;;;;;;;
KENNEDY;2018-03-12;;30.56521739;;;;;;;;;;;;;;
KENNEDY;2018-03-11;;13.91666667;;;;;;;;;;;;;;
KENNEDY;2018-03-10;;29.04166667;;;;;;;;;;;;;;
KENNEDY;2018-03-09;;21.29166667;;;;;;;;;;;;;;
KENNEDY;2018-03-08;;21.91666667;;;;;;;;;;;;;;
KENNEDY;2018-03-07;;21.83333333;;;;;;;;;;;;;;
KENNEDY;2018-03-06;;27.29166667;;;;;;;;;;;;;;
KENNEDY;2018-03-05;;41.54166667;;;;;;;;;;;;;;
KENNEDY;2018-03-04;;35.16666667;;;;;;;;;;;;;;
KENNEDY;2018-03-03;;34.54166667;;;;;;;;;;;;;;
KENNEDY;2018-03-02;;32.58333333;;;;;;;;;;;;;;
KENNEDY;2018-03-01;;39.47826087;;;;;;;;;;;;;;
KENNEDY;2018-02-28;;42.375;;;;;;;;;;;;;;
KENNEDY;2018-02-27;;39.58333333;;;;;;;;;;;;;;
KENNEDY;2018-02-26;;34.45833333;;;;;;;;;;;;;;
KENNEDY;2018-02-25;;25.625;;;;;;;;;;;;;;
KENNEDY;2018-02-24;;25.82608696;;;;;;;;;;;;;;
KENNEDY;2018-02-23;;33.0;;;;;;;;;;;;;;
KENNEDY;2018-02-22;;34.63636364;;;;;;;;;;;;;;
KENNEDY;2018-02-21;;45.58333333;;;;;;;;;;;;;;
KENNEDY;2018-02-20;;34.83333333;;;;;;;;;;;;;;
KENNEDY;2018-02-19;;34.47826087;;;;;;;;;;;;;;
KENNEDY;2018-02-18;;24.73913043;;;;;;;;;;;;;;
KENNEDY;2018-02-17;;25.08333333;;;;;;;;;;;;;;
KENNEDY;2018-02-16;;27.45833333;;;;;;;;;;;;;;
KENNEDY;2018-02-15;;28.125;;;;;;;;;;;;;;
KENNEDY;2018-02-14;;26.95833333;;;;;;;;;;;;;;
KENNEDY;2018-02-13;;40.875;;;;;;;;;;;;;;
KENNEDY;2018-02-12;;28.625;;;;;;;;;;;;;;
KENNEDY;2018-02-11;;23.86956522;;;;;;;;;;;;;;
KENNEDY;2018-02-10;;25.375;;;;;;;;;;;;;;
KENNEDY;2018-02-09;;32.375;;;;;;;;;;;;;;
KENNEDY;2018-02-08;;36.79166667;;;;;;;;;;;;;;
KENNEDY;2018-02-07;;31.54166667;;;;;;;;;;;;;;
KENNEDY;2018-02-06;;48.39130435;;;;;;;;;;;;;;
KENNEDY;2018-02-05;;32.58333333;;;;;;;;;;;;;;
KENNEDY;2018-02-04;;24.08333333;;;;;;;;;;;;;;
KENNEDY;2018-02-03;;41.54166667;;;;;;;;;;;;;;
KENNEDY;2018-02-02;;36.83333333;;;;;;;;;;;;;;
KENNEDY;2018-02-01;;39.95833333;;;;;;;;;;;;;;
KENNEDY;2018-01-31;;31.45833333;;;;;;;;;;;;;;
KENNEDY;2018-01-30;;38.20833333;;;;;;;;;;;;;;
KENNEDY;2018-01-29;;26.54166667;;;;;;;;;;;;;;
KENNEDY;2018-01-28;;24.875;;;;;;;;;;;;;;
KENNEDY;2018-01-27;;36.29166667;;;;;;;;;;;;;;
KENNEDY;2018-01-26;;34.83333333;;;;;;;;;;;;;;
KENNEDY;2018-01-25;;27.04166667;;;;;;;;;;;;;;
KENNEDY;2018-01-24;;28.83333333;;;;;;;;;;;;;;
KENNEDY;2018-01-23;;24.66666667;;;;;;;;;;;;;;
KENNEDY;2018-01-22;;21.16666667;;;;;;;;;;;;;;
KENNEDY;2018-01-21;;15.65217391;;;;;;;;;;;;;;
KENNEDY;2018-01-20;;15.95833333;;;;;;;;;;;;;;
KENNEDY;2018-01-19;;20.82608696;;;;;;;;;;;;;;
KENNEDY;2018-01-18;;22.75;;;;;;;;;;;;;;
KENNEDY;2018-01-17;;23.95833333;;;;;;;;;;;;;;
KENNEDY;2018-01-16;;28.33333333;;;;;;;;;;;;;;
KENNEDY;2018-01-15;;37.08695652;;;;;;;;;;;;;;
KENNEDY;2018-01-14;;28.66666667;;;;;;;;;;;;;;
KENNEDY;2018-01-13;;27.45833333;;;;;;;;;;;;;;
KENNEDY;2018-01-12;;25.75;;;;;;;;;;;;;;
KENNEDY;2018-01-11;;24.13636364;;;;;;;;;;;;;;
KENNEDY;2018-01-10;;21.33333333;;;;;;;;;;;;;;
KENNEDY;2018-01-09;;20.75;;;;;;;;;;;;;;
KENNEDY;2018-01-08;;17.75;;;;;;;;;;;;;;
KENNEDY;2018-01-07;;23.70833333;;;;;;;;;;;;;;
KENNEDY;2018-01-06;;12.04166667;;;;;;;;;;;;;;
KENNEDY;2018-01-05;;25.625;;;;;;;;;;;;;;
KENNEDY;2018-01-04;;33.60869565;;;;;;;;;;;;;;
KENNEDY;2018-01-03;;27.45833333;;;;;;;;;;;;;;
KENNEDY;2018-01-02;;26.375;;;;;;;;;;;;;;
KENNEDY;2018-01-01;;37.56521739;;;;;;;;;;;;;;
KENNEDY;2017-12-31;;25.58333333;;;;;;;;;;;;;;
KENNEDY;2017-12-30;;28.5;;;;;;;;;;;;;;
KENNEDY;2017-12-29;;29.91666667;;;;;;;;;;;;;;
KENNEDY;2017-12-28;;18.91666667;;;;;;;;;;;;;;
KENNEDY;2017-12-27;;25.54166667;;;;;;;;;;;;;;
KENNEDY;2017-12-26;;29.25;;;;;;;;;;;;;;
KENNEDY;2017-12-25;;35.875;;;;;;;;;;;;;;
KENNEDY;2017-12-24;;28.16666667;;;;;;;;;;;;;;
KENNEDY;2017-12-23;;34.33333333;;;;;;;;;;;;;;
KENNEDY;2017-12-22;;30.625;;;;;;;;;;;;;;
KENNEDY;2017-12-21;;47.0;;;;;;;;;;;;;;
KENNEDY;2017-12-20;;46.79166667;;;;;;;;;;;;;;
KENNEDY;2017-12-19;;45.95833333;;;;;;;;;;;;;;
KENNEDY;2017-12-18;;33.17391304;;;;;;;;;;;;;;
KENNEDY;2017-12-17;;25.83333333;;;;;;;;;;;;;;
KENNEDY;2017-12-16;;39.75;;;;;;;;;;;;;;
KENNEDY;2017-12-15;;32.17391304;;;;;;;;;;;;;;
KENNEDY;2017-12-14;;23.70833333;;;;;;;;;;;;;;
KENNEDY;2017-12-13;;18.16666667;;;;;;;;;;;;;;
KENNEDY;2017-12-12;;17.73913043;;;;;;;;;;;;;;
KENNEDY;2017-12-11;;15.92307692;;;;;;;;;;;;;;
KENNEDY;2017-12-09;;18.0;;;;;;;;;;;;;;
KENNEDY;2017-12-08;;29.79166667;;;;;;;;;;;;;;
KENNEDY;2017-12-07;;37.08333333;;;;;;;;;;;;;;
KENNEDY;2017-12-06;;30.95833333;;;;;;;;;;;;;;
KENNEDY;2017-12-05;;21.25;;;;;;;;;;;;;;
KENNEDY;2017-12-04;;24.66666667;;;;;;;;;;;;;;
KENNEDY;2017-12-03;;18.7826087;;;;;;;;;;;;;;
KENNEDY;2017-12-02;;37.33333333;;;;;;;;;;;;;;
KENNEDY;2017-12-01;;25.0;;;;;;;;;;;;;;
KENNEDY;2017-11-30;;36.79166667;;;;;;;;;;;;;;
KENNEDY;2017-11-29;;27.43478261;;;;;;;;;;;;;;
KENNEDY;2017-11-28;;27.83333333;;;;;;;;;;;;;;
KENNEDY;2017-11-27;;27.08333333;;;;;;;;;;;;;;
KENNEDY;2017-11-26;;21.79166667;;;;;;;;;;;;;;
KENNEDY;2017-11-25;;24.79166667;;;;;;;;;;;;;;
KENNEDY;2017-11-24;;37.54166667;;;;;;;;;;;;;;
KENNEDY;2017-11-23;;48.625;;;;;;;;;;;;;;
KENNEDY;2017-11-22;;38.70833333;;;;;;;;;;;;;;
KENNEDY;2017-11-21;;41.29166667;;;;;;;;;;;;;;
KENNEDY;2017-11-20;;28.83333333;;;;;;;;;;;;;;
KENNEDY;2017-11-19;;18.29166667;;;;;;;;;;;;;;
KENNEDY;2017-11-18;;27.33333333;;;;;;;;;;;;;;
KENNEDY;2017-11-17;;20.625;;;;;;;;;;;;;;
KENNEDY;2017-11-16;;24.0;;;;;;;;;;;;;;
KENNEDY;2017-11-15;;26.7826087;;;;;;;;;;;;;;
KENNEDY;2017-11-14;;32.625;;;;;;;;;;;;;;
KENNEDY;2017-11-13;;25.29166667;;;;;;;;;;;;;;
KENNEDY;2017-11-12;;26.91666667;;;;;;;;;;;;;;
KENNEDY;2017-11-11;;29.33333333;;;;;;;;;;;;;;
KENNEDY;2017-11-10;;38.0;;;;;;;;;;;;;;
KENNEDY;2017-11-09;;38.04166667;;;;;;;;;;;;;;
KENNEDY;2017-11-08;;37.08333333;;;;;;;;;;;;;;
KENNEDY;2017-11-07;;38.70833333;;;;;;;;;;;;;;
KENNEDY;2017-11-06;;36.95833333;;;;;;;;;;;;;;
KENNEDY;2017-11-05;;35.20833333;;;;;;;;;;;;;;
KENNEDY;2017-11-04;;39.04166667;;;;;;;;;;;;;;
KENNEDY;2017-11-03;;39.79166667;;;;;;;;;;;;;;
KENNEDY;2017-11-02;;33.5;;;;;;;;;;;;;;
KENNEDY;2017-11-01;;43.25;;;;;;;;;;;;;;
KENNEDY;2017-10-31;;35.41666667;;;;;;;;;;;;;;
KENNEDY;2017-10-30;;29.25;;;;;;;;;;;;;;
KENNEDY;2017-10-29;;14.16666667;;;;;;;;;;;;;;
KENNEDY;2017-10-28;;26.125;;;;;;;;;;;;;;
KENNEDY;2017-10-27;;47.5;;;;;;;;;;;;;;
KENNEDY;2017-10-26;;39.26086957;;;;;;;;;;;;;;
KENNEDY;2017-10-25;;29.875;;;;;;;;;;;;;;
KENNEDY;2017-10-24;;24.70833333;;;;;;;;;;;;;;
KENNEDY;2017-10-23;;18.79166667;;;;;;;;;;;;;;
KENNEDY;2017-10-22;;13.20833333;;;;;;;;;;;;;;
KENNEDY;2017-10-21;;28.79166667;;;;;;;;;;;;;;
KENNEDY;2017-10-20;;37.95652174;;;;;;;;;;;;;;
KENNEDY;2017-10-19;;35.20833333;;;;;;;;;;;;;;
KENNEDY;2017-10-18;;19.58333333;;;;;;;;;;;;;;
KENNEDY;2017-10-17;;21.13043478;;;;;;;;;;;;;;
KENNEDY;2017-10-16;;10.45833333;;;;;;;;;;;;;;
KENNEDY;2017-10-15;;16.79166667;;;;;;;;;;;;;;
KENNEDY;2017-10-14;;22.375;;;;;;;;;;;;;;
KENNEDY;2017-10-13;;23.66666667;;;;;;;;;;;;;;
KENNEDY;2017-10-12;;34.25;;;;;;;;;;;;;;
KENNEDY;2017-10-11;;30.375;;;;;;;;;;;;;;
KENNEDY;2017-10-10;;38.16666667;;;;;;;;;;;;;;
KENNEDY;2017-10-09;;35.79166667;;;;;;;;;;;;;;
KENNEDY;2017-10-08;;29.5;;;;;;;;;;;;;;
KENNEDY;2017-10-07;;19.70833333;;;;;;;;;;;;;;
KENNEDY;2017-10-06;;24.45833333;;;;;;;;;;;;;;
KENNEDY;2017-10-05;;17.5;;;;;;;;;;;;;;
KENNEDY;2017-10-04;;20.08695652;;;;;;;;;;;;;;
KENNEDY;2017-10-03;;27.33333333;;;;;;;;;;;;;;
KENNEDY;2017-10-02;;25.45833333;;;;;;;;;;;;;;
KENNEDY;2017-10-01;;20.95833333;;;;;;;;;;;;;;
KENNEDY;2017-09-30;;17.5;;;;;;;;;;;;;;
KENNEDY;2017-09-29;;20.625;;;;;;;;;;;;;;
KENNEDY;2017-09-28;;32.83333333;;;;;;;;;;;;;;
KENNEDY;2017-09-27;;47.66666667;;;;;;;;;;;;;;
KENNEDY;2017-09-26;;42.2173913;;;;;;;;;;;;;;
KENNEDY;2017-09-25;;18.70833333;;;;;;;;;;;;;;
KENNEDY;2017-09-24;;16.16666667;;;;;;;;;;;;;;
KENNEDY;2017-09-23;;29.33333333;;;;;;;;;;;;;;
KENNEDY;2017-09-22;;26.88888889;;;;;;;;;;;;;;
KENNEDY;2017-09-20;;35.23809524;;;;;;;;;;;;;;
KENNEDY;2017-09-19;;27.0;;;;;;;;;;;;;;
KENNEDY;2017-09-18;;17.29166667;;;;;;;;;;;;;;
KENNEDY;2017-09-17;;11.43478261;;;;;;;;;;;;;;
KENNEDY;2017-09-16;;20.5;;;;;;;;;;;;;;
KENNEDY;2017-09-15;;19.83333333;;;;;;;;;;;;;;
KENNEDY;2017-09-14;;20.66666667;;;;;;;;;;;;;;
KENNEDY;2017-09-13;;19.95652174;;;;;;;;;;;;;;
KENNEDY;2017-09-12;;29.16666667;;;;;;;;;;;;;;
KENNEDY;2017-09-11;;21.58333333;;;;;;;;;;;;;;
KENNEDY;2017-09-10;;21.20833333;;;;;;;;;;;;;;
KENNEDY;2017-09-09;;25.875;;;;;;;;;;;;;;
KENNEDY;2017-09-08;;40.13043478;;;;;;;;;;;;;;
KENNEDY;2017-09-07;;25.83333333;;;;;;;;;;;;;;
KENNEDY;2017-09-06;;33.04166667;;;;;;;;;;;;;;
KENNEDY;2017-09-05;;24.29166667;;;;;;;;;;;;;;
KENNEDY;2017-09-04;;45.66666667;;;;;;;;;;;;;;
KENNEDY;2017-09-03;;12.58333333;;;;;;;;;;;;;;
KENNEDY;2017-09-02;;15.5;;;;;;;;;;;;;;
KENNEDY;2017-09-01;;19.30434783;;;;;;;;;;;;;;
KENNEDY;2017-08-31;;20.45454545;;;;;;;;;;;;;;
KENNEDY;2017-08-30;;18.05;;;;;;;;;;;;;;
KENNEDY;2017-08-29;;30.5;;;;;;;;;;;;;;
KENNEDY;2017-08-28;;21.625;;;;;;;;;;;;;;
KENNEDY;2017-08-27;;27.08333333;;;;;;;;;;;;;;
KENNEDY;2017-08-26;;22.33333333;;;;;;;;;;;;;;
KENNEDY;2017-08-25;;27.125;;;;;;;;;;;;;;
KENNEDY;2017-08-24;;22.66666667;;;;;;;;;;;;;;
KENNEDY;2017-08-23;;33.55;;;;;;;;;;;;;;
KENNEDY;2017-08-22;;20.58333333;;;;;;;;;;;;;;
KENNEDY;2017-08-21;;20.52173913;;;;;;;;;;;;;;
KENNEDY;2017-08-20;;21.0;;;;;;;;;;;;;;
KENNEDY;2017-08-19;;25.79166667;;;;;;;;;;;;;;
KENNEDY;2017-08-18;;34.43478261;;;;;;;;;;;;;;
KENNEDY;2017-08-17;;32.66666667;;;;;;;;;;;;;;
KENNEDY;2017-08-16;;21.16666667;;;;;;;;;;;;;;
KENNEDY;2017-08-15;;30.33333333;;;;;;;;;;;;;;
KENNEDY;2017-08-14;;23.5;;;;;;;;;;;;;;
KENNEDY;2017-08-13;;16.36363636;;;;;;;;;;;;;;
KENNEDY;2017-08-12;;23.05;;;;;;;;;;;;;;
KENNEDY;2017-08-11;;24.41666667;;;;;;;;;;;;;;
KENNEDY;2017-08-10;;29.04166667;;;;;;;;;;;;;;
KENNEDY;2017-08-09;;20.7826087;;;;;;;;;;;;;;
KENNEDY;2017-08-08;;24.375;;;;;;;;;;;;;;
KENNEDY;2017-08-07;;17.125;;;;;;;;;;;;;;
KENNEDY;2017-08-06;;15.25;;;;;;;;;;;;;;
KENNEDY;2017-08-05;;14.54166667;;;;;;;;;;;;;;
KENNEDY;2017-08-04;;19.29166667;;;;;;;;;;;;;;
KENNEDY;2017-08-03;;28.5;;;;;;;;;;;;;;
KENNEDY;2017-08-02;;36.39130435;;;;;;;;;;;;;;
KENNEDY;2017-08-01;;32.125;;;;;;;;;;;;;;
KENNEDY;2017-07-31;;19.58333333;;;;;;;;;;;;;;
KENNEDY;2017-07-30;;12.25;;;;;;;;;;;;;;
KENNEDY;2017-07-29;;14.5;;;;;;;;;;;;;;
KENNEDY;2017-07-28;;14.875;;;;;;;;;;;;;;
KENNEDY;2017-07-27;;20.625;;;;;;;;;;;;;;
KENNEDY;2017-07-26;;14.58333333;;;;;;;;;;;;;;
KENNEDY;2017-07-25;;13.63636364;;;;;;;;;;;;;;
KENNEDY;2017-07-24;;14.875;;;;;;;;;;;;;;
KENNEDY;2017-07-23;;12.16666667;;;;;;;;;;;;;;
KENNEDY;2017-07-22;;16.41666667;;;;;;;;;;;;;;
KENNEDY;2017-07-21;;24.43478261;;;;;;;;;;;;;;
KENNEDY;2017-07-20;;20.29166667;;;;;;;;;;;;;;
KENNEDY;2017-07-19;;21.83333333;;;;;;;;;;;;;;
KENNEDY;2017-07-18;;22.16666667;;;;;;;;;;;;;;
KENNEDY;2017-07-17;;31.75;;;;;;;;;;;;;;
KENNEDY;2017-07-16;;39.41666667;;;;;;;;;;;;;;
KENNEDY;2017-07-15;;36.5;;;;;;;;;;;;;;
KENNEDY;2017-07-14;;25.0;;;;;;;;;;;;;;
KENNEDY;2017-07-13;;19.45833333;;;;;;;;;;;;;;
KENNEDY;2017-07-12;;16.625;;;;;;;;;;;;;;
KENNEDY;2017-07-11;;17.83333333;;;;;;;;;;;;;;
KENNEDY;2017-07-10;;15.375;;;;;;;;;;;;;;
KENNEDY;2017-07-09;;12.0;;;;;;;;;;;;;;
KENNEDY;2017-07-08;;18.79166667;;;;;;;;;;;;;;
KENNEDY;2017-07-07;;17.91304348;;;;;;;;;;;;;;
KENNEDY;2017-07-06;;16.125;;;;;;;;;;;;;;
KENNEDY;2017-07-05;;21.83333333;;;;;;;;;;;;;;
KENNEDY;2017-07-04;;16.5;;;;;;;;;;;;;;
KENNEDY;2017-07-03;;10.0952381;;;;;;;;;;;;;;
KENNEDY;2017-07-02;;8.33333333;;;;;;;;;;;;;;
KENNEDY;2017-07-01;;14.20833333;;;;;;;;;;;;;;
KENNEDY;2017-06-30;;15.41666667;;;;;;;;;;;;;;
KENNEDY;2017-06-29;;25.70833333;;;;;;;;;;;;;;
KENNEDY;2017-06-28;;32.7826087;;;;;;;;;;;;;;
KENNEDY;2017-06-27;;25.36363636;;;;;;;;;;;;;;
KENNEDY;2017-06-26;;19.125;;;;;;;;;;;;;;
KENNEDY;2017-06-25;;15.54166667;;;;;;;;;;;;;;
KENNEDY;2017-06-24;;27.41666667;;;;;;;;;;;;;;
KENNEDY;2017-06-23;;25.66666667;;;;;;;;;;;;;;
KENNEDY;2017-06-22;;21.125;;;;;;;;;;;;;;
KENNEDY;2017-06-21;;18.5;;;;;;;;;;;;;;
KENNEDY;2017-06-20;;18.79166667;;;;;;;;;;;;;;
KENNEDY;2017-06-19;;21.04166667;;;;;;;;;;;;;;
KENNEDY;2017-06-18;;32.91666667;;;;;;;;;;;;;;
KENNEDY;2017-06-17;;40.95833333;;;;;;;;;;;;;;
KENNEDY;2017-06-16;;33.45833333;;;;;;;;;;;;;;
KENNEDY;2017-06-15;;25.95833333;;;;;;;;;;;;;;
KENNEDY;2017-06-14;;21.79166667;;;;;;;;;;;;;;
KENNEDY;2017-06-13;;31.22727273;;;;;;;;;;;;;;
KENNEDY;2017-06-12;;22.54166667;;;;;;;;;;;;;;
KENNEDY;2017-06-11;;16.375;;;;;;;;;;;;;;
KENNEDY;2017-06-10;;19.58333333;;;;;;;;;;;;;;
KENNEDY;2017-06-09;;43.16666667;;;;;;;;;;;;;;
KENNEDY;2017-06-08;;41.25;;;;;;;;;;;;;;
KENNEDY;2017-06-07;;29.875;;;;;;;;;;;;;;
KENNEDY;2017-06-05;;15.7826087;;;;;;;;;;;;;;
KENNEDY;2017-06-04;;13.17391304;;;;;;;;;;;;;;
KENNEDY;2017-06-03;;19.95833333;;;;;;;;;;;;;;
KENNEDY;2017-06-02;;21.95833333;;;;;;;;;;;;;;
KENNEDY;2017-06-01;;19.58333333;;;;;;;;;;;;;;
KENNEDY;2017-05-31;;26.9;;;;;;;;;;;;;;
KENNEDY;2017-05-30;;24.45833333;;;;;;;;;;;;;;
KENNEDY;2017-05-29;;18.41666667;;;;;;;;;;;;;;
KENNEDY;2017-05-28;;20.0;;;;;;;;;;;;;;
KENNEDY;2017-05-27;;22.08333333;;;;;;;;;;;;;;
KENNEDY;2017-05-26;;21.29166667;;;;;;;;;;;;;;
KENNEDY;2017-05-25;;17.29166667;;;;;;;;;;;;;;
KENNEDY;2017-05-24;;20.09090909;;;;;;;;;;;;;;
KENNEDY;2017-05-23;;28.86956522;;;;;;;;;;;;;;
KENNEDY;2017-05-22;;25.77272727;;;;;;;;;;;;;;
KENNEDY;2017-05-21;;21.58333333;;;;;;;;;;;;;;
KENNEDY;2017-05-20;;16.875;;;;;;;;;;;;;;
KENNEDY;2017-05-19;;28.125;;;;;;;;;;;;;;
KENNEDY;2017-05-18;;23.20833333;;;;;;;;;;;;;;
KENNEDY;2017-05-17;;38.13043478;;;;;;;;;;;;;;
KENNEDY;2017-05-16;;24.29166667;;;;;;;;;;;;;;
KENNEDY;2017-05-15;;34.69565217;;;;;;;;;;;;;;
KENNEDY;2017-05-14;;20.375;;;;;;;;;;;;;;
KENNEDY;2017-05-13;;26.125;;;;;;;;;;;;;;
KENNEDY;2017-05-12;;20.60869565;;;;;;;;;;;;;;
KENNEDY;2017-05-11;;34.08695652;;;;;;;;;;;;;;
KENNEDY;2017-05-10;;22.13043478;;;;;;;;;;;;;;
KENNEDY;2017-05-09;;23.7826087;;;;;;;;;;;;;;
KENNEDY;2017-05-08;;21.29166667;;;;;;;;;;;;;;
KENNEDY;2017-05-07;;27.75;;;;;;;;;;;;;;
KENNEDY;2017-05-06;;17.5;;;;;;;;;;;;;;
KENNEDY;2017-05-05;;28.20833333;;;;;;;;;;;;;;
KENNEDY;2017-05-04;;24.25;;;;;;;;;;;;;;
KENNEDY;2017-05-03;;40.04347826;;;;;;;;;;;;;;
KENNEDY;2017-05-02;;24.82608696;;;;;;;;;;;;;;
KENNEDY;2017-05-01;;21.95652174;;;;;;;;;;;;;;
KENNEDY;2017-04-30;;16.04347826;;;;;;;;;;;;;;
KENNEDY;2017-04-29;;21.45833333;;;;;;;;;;;;;;
KENNEDY;2017-04-28;;24.375;;;;;;;;;;;;;;
KENNEDY;2017-04-27;;35.54166667;;;;;;;;;;;;;;
KENNEDY;2017-04-26;;22.70833333;;;;;;;;;;;;;;
KENNEDY;2017-04-25;;33.25;;;;;;;;;;;;;;
KENNEDY;2017-04-24;;24.19047619;;;;;;;;;;;;;;
KENNEDY;2017-04-23;;17.7826087;;;;;;;;;;;;;;
KENNEDY;2017-04-22;;35.29166667;;;;;;;;;;;;;;
KENNEDY;2017-04-21;;26.27272727;;;;;;;;;;;;;;
KENNEDY;2017-04-20;;38.58333333;;;;;;;;;;;;;;
KENNEDY;2017-04-19;;26.58333333;;;;;;;;;;;;;;
KENNEDY;2017-04-18;;24.75;;;;;;;;;;;;;;
KENNEDY;2017-04-17;;18.66666667;;;;;;;;;;;;;;
KENNEDY;2017-04-16;;10.0;;;;;;;;;;;;;;
KENNEDY;2017-04-15;;10.82608696;;;;;;;;;;;;;;
KENNEDY;2017-04-14;;11.54166667;;;;;;;;;;;;;;
KENNEDY;2017-04-13;;18.54166667;;;;;;;;;;;;;;
KENNEDY;2017-04-12;;34.86956522;;;;;;;;;;;;;;
KENNEDY;2017-04-11;;44.45833333;;;;;;;;;;;;;;
KENNEDY;2017-04-10;;42.125;;;;;;;;;;;;;;
KENNEDY;2017-04-09;;23.79166667;;;;;;;;;;;;;;
KENNEDY;2017-04-08;;42.25;;;;;;;;;;;;;;
KENNEDY;2017-04-07;;44.83333333;;;;;;;;;;;;;;
KENNEDY;2017-04-06;;40.125;;;;;;;;;;;;;;
KENNEDY;2017-04-05;;32.70833333;;;;;;;;;;;;;;
KENNEDY;2017-04-04;;30.125;;;;;;;;;;;;;;
KENNEDY;2017-04-03;;25.54166667;;;;;;;;;;;;;;
KENNEDY;2017-04-02;;15.08695652;;;;;;;;;;;;;;
KENNEDY;2017-04-01;;19.41666667;;;;;;;;;;;;;;
KENNEDY;2017-03-31;;29.54166667;;;;;;;;;;;;;;
KENNEDY;2017-03-30;;32.16666667;;;;;;;;;;;;;;
KENNEDY;2017-03-29;;24.91666667;;;;;;;;;;;;;;
KENNEDY;2017-03-28;;36.31818182;;;;;;;;;;;;;;
KENNEDY;2017-03-27;;62.4;;;;;;;;;;;;;;
KENNEDY;2017-03-23;;39.59090909;;;;;;;;;;;;;;
KENNEDY;2017-03-22;;35.95454545;;;;;;;;;;;;;;
KENNEDY;2017-03-21;;35.91666667;;;;;;;;;;;;;;
KENNEDY;2017-03-20;;38.20833333;;;;;;;;;;;;;;
KENNEDY;2017-03-19;;30.08333333;;;;;;;;;;;;;;
KENNEDY;2017-03-18;;40.16666667;;;;;;;;;;;;;;
KENNEDY;2017-03-17;;37.25;;;;;;;;;;;;;;
KENNEDY;2017-03-16;;27.91304348;;;;;;;;;;;;;;
KENNEDY;2017-03-15;;19.95833333;;;;;;;;;;;;;;
KENNEDY;2017-03-14;;26.26086957;;;;;;;;;;;;;;
KENNEDY;2017-03-13;;23.54166667;;;;;;;;;;;;;;
KENNEDY;2017-03-12;;19.30434783;;;;;;;;;;;;;;
KENNEDY;2017-03-11;;28.20833333;;;;;;;;;;;;;;
KENNEDY;2017-03-10;;18.82608696;;;;;;;;;;;;;;
KENNEDY;2017-03-09;;24.16666667;;;;;;;;;;;;;;
KENNEDY;2017-03-08;;30.81818182;;;;;;;;;;;;;;
KENNEDY;2017-03-07;;31.91666667;;;;;;;;;;;;;;
KENNEDY;2017-03-06;;24.58333333;;;;;;;;;;;;;;
KENNEDY;2017-03-05;;22.41666667;;;;;;;;;;;;;;
KENNEDY;2017-03-04;;37.08333333;;;;;;;;;;;;;;
KENNEDY;2017-03-03;;22.63636364;;;;;;;;;;;;;;
KENNEDY;2017-03-02;;20.5;;;;;;;;;;;;;;
KENNEDY;2017-03-01;;39.66666667;;;;;;;;;;;;;;
KENNEDY;2017-02-28;;46.79166667;;;;;;;;;;;;;;
KENNEDY;2017-02-27;;35.0;;;;;;;;;;;;;;
KENNEDY;2017-02-26;;21.45;;;;;;;;;;;;;;
KENNEDY;2017-02-25;;33.7826087;;;;;;;;;;;;;;
KENNEDY;2017-02-24;;41.16666667;;;;;;;;;;;;;;
KENNEDY;2017-02-23;;38.83333333;;;;;;;;;;;;;;
KENNEDY;2017-02-22;;41.375;;;;;;;;;;;;;;
KENNEDY;2017-02-21;;38.83333333;;;;;;;;;;;;;;
KENNEDY;2017-02-20;;38.17391304;;;;;;;;;;;;;;
KENNEDY;2017-02-19;;47.08333333;;;;;;;;;;;;;;
KENNEDY;2017-02-18;;40.58333333;;;;;;;;;;;;;;
KENNEDY;2017-02-17;;23.13043478;;;;;;;;;;;;;;
KENNEDY;2017-02-16;;38.58333333;;;;;;;;;;;;;;
KENNEDY;2017-02-15;;41.33333333;;;;;;;;;;;;;;
KENNEDY;2017-02-14;;25.79166667;;;;;;;;;;;;;;
KENNEDY;2017-02-13;;20.27272727;;;;;;;;;;;;;;
KENNEDY;2017-02-12;;20.91666667;;;;;;;;;;;;;;
KENNEDY;2017-02-11;;41.41666667;;;;;;;;;;;;;;
KENNEDY;2017-02-10;;37.83333333;;;;;;;;;;;;;;
KENNEDY;2017-02-09;;49.58333333;;;;;;;;;;;;;;
KENNEDY;2017-02-08;;36.875;;;;;;;;;;;;;;
KENNEDY;2017-02-07;;20.375;;;;;;;;;;;;;;
KENNEDY;2017-02-06;;29.66666667;;;;;;;;;;;;;;
KENNEDY;2017-02-05;;16.45833333;;;;;;;;;;;;;;
KENNEDY;2017-02-04;;32.30434783;;;;;;;;;;;;;;
KENNEDY;2017-02-03;;32.56521739;;;;;;;;;;;;;;
KENNEDY;2017-02-02;;28.875;;;;;;;;;;;;;;
KENNEDY;2017-02-01;;37.95833333;;;;;;;;;;;;;;
KENNEDY;2017-01-31;;35.29166667;;;;;;;;;;;;;;
KENNEDY;2017-01-30;;34.16666667;;;;;;;;;;;;;;
KENNEDY;2017-01-29;;18.83333333;;;;;;;;;;;;;;
KENNEDY;2017-01-28;;29.60869565;;;;;;;;;;;;;;
KENNEDY;2017-01-27;;21.16666667;;;;;;;;;;;;;;
KENNEDY;2017-01-26;;20.17391304;;;;;;;;;;;;;;
KENNEDY;2017-01-25;;26.54166667;;;;;;;;;;;;;;
KENNEDY;2017-01-24;;33.30434783;;;;;;;;;;;;;;
KENNEDY;2017-01-23;;34.75;;;;;;;;;;;;;;
KENNEDY;2017-01-22;;26.54166667;;;;;;;;;;;;;;
KENNEDY;2017-01-21;;25.58333333;;;;;;;;;;;;;;
KENNEDY;2017-01-20;;26.70833333;;;;;;;;;;;;;;
KENNEDY;2017-01-19;;28.29166667;;;;;;;;;;;;;;
KENNEDY;2017-01-18;;24.25;;;;;;;;;;;;;;
KENNEDY;2017-01-17;;28.625;;;;;;;;;;;;;;
KENNEDY;2017-01-16;;20.04166667;;;;;;;;;;;;;;
KENNEDY;2017-01-15;;19.83333333;;;;;;;;;;;;;;
KENNEDY;2017-01-14;;30.25;;;;;;;;;;;;;;
KENNEDY;2017-01-13;;37.75;;;;;;;;;;;;;;
KENNEDY;2017-01-12;;27.0;;;;;;;;;;;;;;
KENNEDY;2017-01-11;;22.08333333;;;;;;;;;;;;;;
KENNEDY;2017-01-10;;26.09090909;;;;;;;;;;;;;;
KENNEDY;2017-01-09;;21.95833333;;;;;;;;;;;;;;
KENNEDY;2017-01-08;;14.25;;;;;;;;;;;;;;
KENNEDY;2017-01-07;;18.13636364;;;;;;;;;;;;;;
KENNEDY;2017-01-06;;17.73913043;;;;;;;;;;;;;;
KENNEDY;2017-01-05;;26.08333333;;;;;;;;;;;;;;
KENNEDY;2017-01-04;;22.125;;;;;;;;;;;;;;
KENNEDY;2017-01-03;;15.33333333;;;;;;;;;;;;;;
KENNEDY;2016-12-28;;31.36363636;;;;;;;;;;;;;;
KENNEDY;2016-12-27;;31.29166667;;;;;;;;;;;;;;
KENNEDY;2016-12-26;;26.95833333;;;;;;;;;;;;;;
KENNEDY;2016-12-25;;54.56521739;;;;;;;;;;;;;;
KENNEDY;2016-12-24;;35.31818182;;;;;;;;;;;;;;
KENNEDY;2016-12-23;;37.60869565;;;;;;;;;;;;;;
KENNEDY;2016-12-22;;26.66666667;;;;;;;;;;;;;;
KENNEDY;2016-12-21;;25.90909091;;;;;;;;;;;;;;
KENNEDY;2016-12-20;;33.91666667;;;;;;;;;;;;;;
KENNEDY;2016-12-19;;38.125;;;;;;;;;;;;;;
KENNEDY;2016-12-18;;22.625;;;;;;;;;;;;;;
KENNEDY;2016-12-17;;38.91666667;;;;;;;;;;;;;;
KENNEDY;2016-12-16;;45.33333333;;;;;;;;;;;;;;
KENNEDY;2016-12-15;;37.26086957;;;;;;;;;;;;;;
KENNEDY;2016-12-14;;45.59090909;;;;;;;;;;;;;;
KENNEDY;2016-12-13;;45.45833333;;;;;;;;;;;;;;
KENNEDY;2016-12-12;;28.91666667;;;;;;;;;;;;;;
KENNEDY;2016-12-11;;20.83333333;;;;;;;;;;;;;;
KENNEDY;2016-12-10;;25.04761905;;;;;;;;;;;;;;
KENNEDY;2016-12-09;;32.79166667;;;;;;;;;;;;;;
KENNEDY;2016-12-08;;47.90909091;;;;;;;;;;;;;;
KENNEDY;2016-12-07;;54.47826087;;;;;;;;;;;;;;
KENNEDY;2016-12-06;;38.75;;;;;;;;;;;;;;
KENNEDY;2016-12-05;;29.16666667;;;;;;;;;;;;;;
KENNEDY;2016-12-04;;23.34782609;;;;;;;;;;;;;;
KENNEDY;2016-12-03;;30.56521739;;;;;;;;;;;;;;
KENNEDY;2016-12-02;;30.04166667;;;;;;;;;;;;;;
KENNEDY;2016-12-01;;31.58333333;;;;;;;;;;;;;;
KENNEDY;2016-11-30;;25.5;;;;;;;;;;;;;;
KENNEDY;2016-11-29;;33.29166667;;;;;;;;;;;;;;
KENNEDY;2016-11-28;;35.81818182;;;;;;;;;;;;;;
KENNEDY;2016-11-27;;40.80952381;;;;;;;;;;;;;;
KENNEDY;2016-11-26;;42.0;;;;;;;;;;;;;;
KENNEDY;2016-11-25;;40.0;;;;;;;;;;;;;;
KENNEDY;2016-11-24;;59.29166667;;;;;;;;;;;;;;
KENNEDY;2016-11-23;;44.04545455;;;;;;;;;;;;;;
KENNEDY;2016-11-22;;46.5;;;;;;;;;;;;;;
KENNEDY;2016-11-21;;36.95652174;;;;;;;;;;;;;;
KENNEDY;2016-11-20;;22.82608696;;;;;;;;;;;;;;
KENNEDY;2016-11-19;;31.76470588;;;;;;;;;;;;;;
KENNEDY;2016-11-18;;28.15;;;;;;;;;;;;;;
KENNEDY;2016-11-17;;22.90909091;;;;;;;;;;;;;;
KENNEDY;2016-11-16;;18.55555556;;;;;;;;;;;;;;
KENNEDY;2016-11-15;;17.40909091;;;;;;;;;;;;;;
KENNEDY;2016-11-14;;24.56521739;;;;;;;;;;;;;;
KENNEDY;2016-11-13;;26.19047619;;;;;;;;;;;;;;
KENNEDY;2016-11-12;;35.86956522;;;;;;;;;;;;;;
KENNEDY;2016-11-11;;29.95238095;;;;;;;;;;;;;;
KENNEDY;2016-11-10;;46.36363636;;;;;;;;;;;;;;
KENNEDY;2016-11-09;;40.41666667;;;;;;;;;;;;;;
KENNEDY;2016-11-08;;44.47826087;;;;;;;;;;;;;;
KENNEDY;2016-11-07;;26.41666667;;;;;;;;;;;;;;
KENNEDY;2016-11-06;;22.625;;;;;;;;;;;;;;
KENNEDY;2016-11-05;;18.56521739;;;;;;;;;;;;;;
KENNEDY;2016-11-04;;21.125;;;;;;;;;;;;;;
KENNEDY;2016-11-03;;39.625;;;;;;;;;;;;;;
KENNEDY;2016-11-02;;30.0;;;;;;;;;;;;;;
KENNEDY;2016-11-01;;36.95238095;;;;;;;;;;;;;;
KENNEDY;2016-10-31;;44.47826087;;;;;;;;;;;;;;
KENNEDY;2016-10-30;;24.04166667;;;;;;;;;;;;;;
KENNEDY;2016-10-29;;30.30434783;;;;;;;;;;;;;;
KENNEDY;2016-10-28;;43.45454545;;;;;;;;;;;;;;
KENNEDY;2016-10-27;;47.68181818;;;;;;;;;;;;;;
KENNEDY;2016-10-26;;35.4;;;;;;;;;;;;;;
KENNEDY;2016-10-25;;34.20833333;;;;;;;;;;;;;;
KENNEDY;2016-10-24;;39.5;;;;;;;;;;;;;;
KENNEDY;2016-10-23;;28.72727273;;;;;;;;;;;;;;
KENNEDY;2016-10-22;;39.26086957;;;;;;;;;;;;;;
KENNEDY;2016-10-21;;41.75;;;;;;;;;;;;;;
KENNEDY;2016-10-20;;28.5;;;;;;;;;;;;;;
KENNEDY;2016-10-19;;29.73913043;;;;;;;;;;;;;;
KENNEDY;2016-10-18;;26.04545455;;;;;;;;;;;;;;
KENNEDY;2016-10-17;;29.95833333;;;;;;;;;;;;;;
KENNEDY;2016-10-16;;21.95238095;;;;;;;;;;;;;;
KENNEDY;2016-10-15;;18.31818182;;;;;;;;;;;;;;
KENNEDY;2016-10-14;;31.04761905;;;;;;;;;;;;;;
KENNEDY;2016-10-13;;40.3;;;;;;;;;;;;;;
KENNEDY;2016-10-12;;43.45;;;;;;;;;;;;;;
KENNEDY;2016-10-11;;32.83333333;;;;;;;;;;;;;;
KENNEDY;2016-10-10;;32.26086957;;;;;;;;;;;;;;
KENNEDY;2016-10-09;;24.0;;;;;;;;;;;;;;
KENNEDY;2016-10-08;;37.52380952;;;;;;;;;;;;;;
KENNEDY;2016-10-07;;36.20833333;;;;;;;;;;;;;;
KENNEDY;2016-10-06;;31.22727273;;;;;;;;;;;;;;
KENNEDY;2016-10-05;;33.91304348;;;;;;;;;;;;;;
KENNEDY;2016-10-04;;37.41666667;;;;;;;;;;;;;;
KENNEDY;2016-10-03;;32.0;;;;;;;;;;;;;;
KENNEDY;2016-10-02;;19.76923077;;;;;;;;;;;;;;
KENNEDY;2016-10-01;;28.65;;;;;;;;;;;;;;
KENNEDY;2016-09-30;;42.9047619;;;;;;;;;;;;;;
KENNEDY;2016-09-29;;43.54545455;;;;;;;;;;;;;;
KENNEDY;2016-09-28;;40.52173913;;;;;;;;;;;;;;
KENNEDY;2016-09-27;;25.69565217;;;;;;;;;;;;;;
KENNEDY;2016-09-26;;31.95652174;;;;;;;;;;;;;;
KENNEDY;2016-09-25;;17.21052632;;;;;;;;;;;;;;
KENNEDY;2016-09-24;;22.26086957;;;;;;;;;;;;;;
KENNEDY;2016-09-23;;29.26086957;;;;;;;;;;;;;;
KENNEDY;2016-09-22;;34.58333333;;;;;;;;;;;;;;
KENNEDY;2016-09-21;;23.56521739;;;;;;;;;;;;;;
KENNEDY;2016-09-20;;23.40909091;;;;;;;;;;;;;;
KENNEDY;2016-09-19;;22.375;;;;;;;;;;;;;;
KENNEDY;2016-09-18;;20.19047619;;;;;;;;;;;;;;
KENNEDY;2016-09-17;;25.41666667;;;;;;;;;;;;;;
KENNEDY;2016-09-16;;35.95833333;;;;;;;;;;;;;;
KENNEDY;2016-09-15;;29.08695652;;;;;;;;;;;;;;
KENNEDY;2016-09-14;;36.79166667;;;;;;;;;;;;;;
KENNEDY;2016-09-13;;46.43478261;;;;;;;;;;;;;;
KENNEDY;2016-09-12;;32.13043478;;;;;;;;;;;;;;
KENNEDY;2016-09-11;;19.91304348;;;;;;;;;;;;;;
KENNEDY;2016-09-10;;26.66666667;;;;;;;;;;;;;;
KENNEDY;2016-09-09;;24.79166667;;;;;;;;;;;;;;
KENNEDY;2016-09-08;;40.08333333;;;;;;;;;;;;;;
KENNEDY;2016-09-07;;24.91666667;;;;;;;;;;;;;;
KENNEDY;2016-09-06;;22.33333333;;;;;;;;;;;;;;
KENNEDY;2016-09-05;;23.625;;;;;;;;;;;;;;
KENNEDY;2016-09-04;;27.16666667;;;;;;;;;;;;;;
KENNEDY;2016-09-03;;34.33333333;;;;;;;;;;;;;;
KENNEDY;2016-09-02;;39.30434783;;;;;;;;;;;;;;
KENNEDY;2016-09-01;;23.09090909;;;;;;;;;;;;;;
KENNEDY;2016-08-31;;33.625;;;;;;;;;;;;;;
KENNEDY;2016-08-30;;22.79166667;;;;;;;;;;;;;;
KENNEDY;2016-08-29;;30.75;;;;;;;;;;;;;;
KENNEDY;2016-08-28;;21.26086957;;;;;;;;;;;;;;
KENNEDY;2016-08-27;;32.70833333;;;;;;;;;;;;;;
KENNEDY;2016-08-26;;27.66666667;;;;;;;;;;;;;;
KENNEDY;2016-08-25;;30.38095238;;;;;;;;;;;;;;
KENNEDY;2016-08-24;;35.73913043;;;;;;;;;;;;;;
KENNEDY;2016-08-23;;37.04166667;;;;;;;;;;;;;;
KENNEDY;2016-08-22;;23.43478261;;;;;;;;;;;;;;
KENNEDY;2016-08-21;;21.30434783;;;;;;;;;;;;;;
KENNEDY;2016-08-20;;35.54166667;;;;;;;;;;;;;;
KENNEDY;2016-08-19;;40.5;;;;;;;;;;;;;;
KENNEDY;2016-08-18;;30.875;;;;;;;;;;;;;;
KENNEDY;2016-08-17;;29.83333333;;;;;;;;;;;;;;
KENNEDY;2016-08-16;;25.13043478;;;;;;;;;;;;;;
KENNEDY;2016-08-15;;19.43478261;;;;;;;;;;;;;;
KENNEDY;2016-08-14;;21.41666667;;;;;;;;;;;;;;
KENNEDY;2016-08-13;;25.0;;;;;;;;;;;;;;
KENNEDY;2016-08-12;;34.79166667;;;;;;;;;;;;;;
KENNEDY;2016-08-11;;25.58333333;;;;;;;;;;;;;;
KENNEDY;2016-08-10;;21.41666667;;;;;;;;;;;;;;
KENNEDY;2016-08-09;;25.0;;;;;;;;;;;;;;
KENNEDY;2016-08-08;;29.58333333;;;;;;;;;;;;;;
KENNEDY;2016-08-07;;23.30434783;;;;;;;;;;;;;;
KENNEDY;2016-08-06;;29.625;;;;;;;;;;;;;;
KENNEDY;2016-08-05;;37.60869565;;;;;;;;;;;;;;
KENNEDY;2016-08-04;;22.20833333;;;;;;;;;;;;;;
KENNEDY;2016-08-03;;22.95652174;;;;;;;;;;;;;;
KENNEDY;2016-08-02;;21.04166667;;;;;;;;;;;;;;
KENNEDY;2016-08-01;;25.125;;;;;;;;;;;;;;
KENNEDY;2016-07-31;;23.125;;;;;;;;;;;;;;
KENNEDY;2016-07-30;;30.95833333;;;;;;;;;;;;;;
KENNEDY;2016-07-29;;24.41666667;;;;;;;;;;;;;;
KENNEDY;2016-07-28;;21.70833333;;;;;;;;;;;;;;
KENNEDY;2016-07-27;;27.82608696;;;;;;;;;;;;;;
KENNEDY;2016-07-26;;27.41666667;;;;;;;;;;;;;;
KENNEDY;2016-07-25;;23.75;;;;;;;;;;;;;;
KENNEDY;2016-07-24;;32.125;;;;;;;;;;;;;;
KENNEDY;2016-07-23;;26.58333333;;;;;;;;;;;;;;
KENNEDY;2016-07-22;;26.75;;;;;;;;;;;;;;
KENNEDY;2016-07-21;;22.82608696;;;;;;;;;;;;;;
KENNEDY;2016-07-20;;16.65217391;;;;;;;;;;;;;;
KENNEDY;2016-07-19;;23.45833333;;;;;;;;;;;;;;
KENNEDY;2016-07-18;;20.86956522;;;;;;;;;;;;;;
KENNEDY;2016-07-17;;17.7826087;;;;;;;;;;;;;;
KENNEDY;2016-07-16;;29.16666667;;;;;;;;;;;;;;
KENNEDY;2016-07-15;;26.13043478;;;;;;;;;;;;;;
KENNEDY;2016-07-14;;26.0;;;;;;;;;;;;;;
KENNEDY;2016-07-13;;23.75;;;;;;;;;;;;;;
KENNEDY;2016-07-12;;26.54166667;;;;;;;;;;;;;;
KENNEDY;2016-07-11;;25.2173913;;;;;;;;;;;;;;
KENNEDY;2016-07-10;;15.39130435;;;;;;;;;;;;;;
KENNEDY;2016-07-09;;19.95833333;;;;;;;;;;;;;;
KENNEDY;2016-07-08;;19.19047619;;;;;;;;;;;;;;
KENNEDY;2016-07-07;;15.625;;;;;;;;;;;;;;
KENNEDY;2016-07-06;;21.20833333;;;;;;;;;;;;;;
KENNEDY;2016-07-05;;15.625;;;;;;;;;;;;;;
KENNEDY;2016-07-04;;14.56521739;;;;;;;;;;;;;;
KENNEDY;2016-07-03;;14.0952381;;;;;;;;;;;;;;
KENNEDY;2016-07-02;;18.70833333;;;;;;;;;;;;;;
KENNEDY;2016-07-01;;16.54166667;;;;;;;;;;;;;;
KENNEDY;2016-06-30;;17.20833333;;;;;;;;;;;;;;
KENNEDY;2016-06-29;;17.60869565;;;;;;;;;;;;;;
KENNEDY;2016-06-28;;16.33333333;;;;;;;;;;;;;;
KENNEDY;2016-06-27;;19.31818182;;;;;;;;;;;;;;
KENNEDY;2016-06-26;;16.16666667;;;;;;;;;;;;;;
KENNEDY;2016-06-25;;22.45833333;;;;;;;;;;;;;;
KENNEDY;2016-06-24;;20.41666667;;;;;;;;;;;;;;
KENNEDY;2016-06-23;;20.13043478;;;;;;;;;;;;;;
KENNEDY;2016-06-22;;20.52173913;;;;;;;;;;;;;;
KENNEDY;2016-06-21;;19.30434783;;;;;;;;;;;;;;
KENNEDY;2016-06-20;;17.13043478;;;;;;;;;;;;;;
KENNEDY;2016-06-19;;16.0;;;;;;;;;;;;;;
KENNEDY;2016-06-18;;23.125;;;;;;;;;;;;;;
KENNEDY;2016-06-17;;17.47826087;;;;;;;;;;;;;;
KENNEDY;2016-06-16;;21.95833333;;;;;;;;;;;;;;
KENNEDY;2016-06-15;;20.54166667;;;;;;;;;;;;;;
KENNEDY;2016-06-14;;20.83333333;;;;;;;;;;;;;;
KENNEDY;2016-06-13;;18.0;;;;;;;;;;;;;;
KENNEDY;2016-06-12;;18.83333333;;;;;;;;;;;;;;
KENNEDY;2016-06-11;;21.625;;;;;;;;;;;;;;
KENNEDY;2016-06-10;;22.91666667;;;;;;;;;;;;;;
KENNEDY;2016-06-09;;21.04166667;;;;;;;;;;;;;;
KENNEDY;2016-06-08;;22.04166667;;;;;;;;;;;;;;
KENNEDY;2016-06-07;;32.79166667;;;;;;;;;;;;;;
KENNEDY;2016-06-06;;26.20833333;;;;;;;;;;;;;;
KENNEDY;2016-06-05;;32.20833333;;;;;;;;;;;;;;
KENNEDY;2016-06-04;;38.875;;;;;;;;;;;;;;
KENNEDY;2016-06-03;;30.75;;;;;;;;;;;;;;
KENNEDY;2016-06-02;;25.04166667;;;;;;;;;;;;;;
KENNEDY;2016-06-01;;26.45833333;;;;;;;;;;;;;;
KENNEDY;2016-05-31;;30.13043478;;;;;;;;;;;;;;
KENNEDY;2016-05-30;;29.33333333;;;;;;;;;;;;;;
KENNEDY;2016-05-29;;17.875;;;;;;;;;;;;;;
KENNEDY;2016-05-28;;20.10526316;;;;;;;;;;;;;;
KENNEDY;2016-05-27;;33.66666667;;;;;;;;;;;;;;
KENNEDY;2016-05-26;;32.38095238;;;;;;;;;;;;;;
KENNEDY;2016-05-25;;29.85714286;;;;;;;;;;;;;;
KENNEDY;2016-05-24;;24.20833333;;;;;;;;;;;;;;
KENNEDY;2016-05-23;;22.0;;;;;;;;;;;;;;
KENNEDY;2016-05-22;;15.27272727;;;;;;;;;;;;;;
KENNEDY;2016-05-21;;24.08333333;;;;;;;;;;;;;;
KENNEDY;2016-05-20;;23.47619048;;;;;;;;;;;;;;
KENNEDY;2016-05-19;;25.26086957;;;;;;;;;;;;;;
KENNEDY;2016-05-18;;21.91666667;;;;;;;;;;;;;;
KENNEDY;2016-05-17;;18.47826087;;;;;;;;;;;;;;
KENNEDY;2016-05-16;;19.08333333;;;;;;;;;;;;;;
KENNEDY;2016-05-15;;17.56521739;;;;;;;;;;;;;;
KENNEDY;2016-05-14;;23.83333333;;;;;;;;;;;;;;
KENNEDY;2016-05-13;;32.54166667;;;;;;;;;;;;;;
KENNEDY;2016-05-12;;25.95833333;;;;;;;;;;;;;;
KENNEDY;2016-05-11;;33.0;;;;;;;;;;;;;;
KENNEDY;2016-05-10;;23.58333333;;;;;;;;;;;;;;
KENNEDY;2016-05-09;;13.625;;;;;;;;;;;;;;
KENNEDY;2016-05-08;;23.83333333;;;;;;;;;;;;;;
KENNEDY;2016-05-07;;23.33333333;;;;;;;;;;;;;;
KENNEDY;2016-05-06;;28.45833333;;;;;;;;;;;;;;
KENNEDY;2016-05-05;;27.75;;;;;;;;;;;;;;
KENNEDY;2016-05-04;;32.5;;;;;;;;;;;;;;
KENNEDY;2016-05-03;;32.75;;;;;;;;;;;;;;
KENNEDY;2016-05-02;;20.45833333;;;;;;;;;;;;;;
KENNEDY;2016-05-01;;19.04166667;;;;;;;;;;;;;;
KENNEDY;2016-04-30;;21.70833333;;;;;;;;;;;;;;
KENNEDY;2016-04-29;;30.95833333;;;;;;;;;;;;;;
KENNEDY;2016-04-28;;26.54166667;;;;;;;;;;;;;;
KENNEDY;2016-04-27;;35.91666667;;;;;;;;;;;;;;
KENNEDY;2016-04-26;;42.35;;;;;;;;;;;;;;
KENNEDY;2016-04-25;;32.0;;;;;;;;;;;;;;
KENNEDY;2016-04-24;;21.95652174;;;;;;;;;;;;;;
KENNEDY;2016-04-23;;26.83333333;;;;;;;;;;;;;;
KENNEDY;2016-04-22;;21.16666667;;;;;;;;;;;;;;
KENNEDY;2016-04-21;;26.0;;;;;;;;;;;;;;
KENNEDY;2016-04-20;;30.58333333;;;;;;;;;;;;;;
KENNEDY;2016-04-19;;30.09090909;;;;;;;;;;;;;;
KENNEDY;2016-04-18;;18.66666667;;;;;;;;;;;;;;
KENNEDY;2016-04-17;;16.54545455;;;;;;;;;;;;;;
KENNEDY;2016-04-16;;30.08333333;;;;;;;;;;;;;;
KENNEDY;2016-04-15;;33.04166667;;;;;;;;;;;;;;
KENNEDY;2016-04-14;;37.08333333;;;;;;;;;;;;;;
KENNEDY;2016-04-13;;27.47826087;;;;;;;;;;;;;;
KENNEDY;2016-04-12;;26.86956522;;;;;;;;;;;;;;
KENNEDY;2016-04-11;;31.45833333;;;;;;;;;;;;;;
KENNEDY;2016-04-10;;22.54166667;;;;;;;;;;;;;;
KENNEDY;2016-04-09;;25.04166667;;;;;;;;;;;;;;
KENNEDY;2016-04-08;;28.91666667;;;;;;;;;;;;;;
KENNEDY;2016-04-07;;28.41666667;;;;;;;;;;;;;;
KENNEDY;2016-04-06;;29.33333333;;;;;;;;;;;;;;
KENNEDY;2016-04-05;;37.625;;;;;;;;;;;;;;
KENNEDY;2016-04-04;;35.7826087;;;;;;;;;;;;;;
KENNEDY;2016-04-03;;28.33333333;;;;;;;;;;;;;;
KENNEDY;2016-04-02;;26.73913043;;;;;;;;;;;;;;
KENNEDY;2016-04-01;;43.2173913;;;;;;;;;;;;;;
KENNEDY;2016-03-31;;29.43478261;;;;;;;;;;;;;;
KENNEDY;2016-03-30;;40.41666667;;;;;;;;;;;;;;
KENNEDY;2016-03-29;;52.41666667;;;;;;;;;;;;;;
KENNEDY;2016-03-28;;44.0;;;;;;;;;;;;;;
KENNEDY;2016-03-27;;36.75;;;;;;;;;;;;;;
KENNEDY;2016-03-26;;30.26086957;;;;;;;;;;;;;;
KENNEDY;2016-03-25;;26.625;;;;;;;;;;;;;;
KENNEDY;2016-03-24;;26.58333333;;;;;;;;;;;;;;
KENNEDY;2016-03-23;;37.66666667;;;;;;;;;;;;;;
KENNEDY;2016-03-17;;19.0;;;;;;;;;;;;;;
KENNEDY;2016-03-16;;31.29166667;;;;;;;;;;;;;;
KENNEDY;2016-03-15;;42.61904762;;;;;;;;;;;;;;
KENNEDY;2016-03-14;;41.0;;;;;;;;;;;;;;
KENNEDY;2016-02-18;;43.84615385;;;;;;;;;;;;;;
KENNEDY;2016-02-17;;42.91666667;;;;;;;;;;;;;;
KENNEDY;2016-02-16;;22.33333333;;;;;;;;;;;;;;
KENNEDY;2016-02-15;;24.20833333;;;;;;;;;;;;;;
KENNEDY;2016-02-14;;18.875;;;;;;;;;;;;;;
KENNEDY;2016-02-13;;26.29166667;;;;;;;;;;;;;;
KENNEDY;2016-02-12;;23.95833333;;;;;;;;;;;;;;
KENNEDY;2016-02-11;;22.95833333;;;;;;;;;;;;;;
KENNEDY;2016-02-10;;24.875;;;;;;;;;;;;;;
KENNEDY;2016-02-09;;23.95833333;;;;;;;;;;;;;;
KENNEDY;2016-02-08;;25.29166667;;;;;;;;;;;;;;
KENNEDY;2016-02-07;;28.25;;;;;;;;;;;;;;
KENNEDY;2016-02-06;;36.41666667;;;;;;;;;;;;;;
KENNEDY;2016-02-05;;45.75;;;;;;;;;;;;;;
KENNEDY;2016-02-04;;44.875;;;;;;;;;;;;;;
KENNEDY;2016-02-03;;59.33333333;;;;;;;;;;;;;;
KENNEDY;2016-02-02;;50.95833333;;;;;;;;;;;;;;
KENNEDY;2016-02-01;;47.625;;;;;;;;;;;;;;
KENNEDY;2016-01-31;;42.625;;;;;;;;;;;;;;
KENNEDY;2016-01-30;;53.79166667;;;;;;;;;;;;;;
KENNEDY;2016-01-29;;53.5;;;;;;;;;;;;;;
KENNEDY;2016-01-28;;51.58333333;;;;;;;;;;;;;;
KENNEDY;2016-01-27;;35.2173913;;;;;;;;;;;;;;
KENNEDY;2016-01-26;;55.54166667;;;;;;;;;;;;;;
KENNEDY;2016-01-25;;41.625;;;;;;;;;;;;;;
KENNEDY;2016-01-24;;35.20833333;;;;;;;;;;;;;;
KENNEDY;2016-01-23;;50.29166667;;;;;;;;;;;;;;
KENNEDY;2016-01-22;;56.70833333;;;;;;;;;;;;;;
KENNEDY;2016-01-21;;56.875;;;;;;;;;;;;;;
KENNEDY;2016-01-20;;53.75;;;;;;;;;;;;;;
KENNEDY;2016-01-19;;44.79166667;;;;;;;;;;;;;;
KENNEDY;2016-01-18;;48.34782609;;;;;;;;;;;;;;
KENNEDY;2016-01-17;;41.41666667;;;;;;;;;;;;;;
KENNEDY;2016-01-16;;43.125;;;;;;;;;;;;;;
KENNEDY;2016-01-15;;52.75;;;;;;;;;;;;;;
KENNEDY;2016-01-14;;52.33333333;;;;;;;;;;;;;;
KENNEDY;2016-01-13;;41.91666667;;;;;;;;;;;;;;
KENNEDY;2016-01-12;;41.14285714;;;;;;;;;;;;;;
KENNEDY;2016-01-09;;37.21052632;;;;;;;;;;;;;;
KENNEDY;2016-01-08;;37.2173913;;;;;;;;;;;;;;
KENNEDY;2016-01-07;;47.72727273;;;;;;;;;;;;;;
KENNEDY;2016-01-06;;41.45833333;;;;;;;;;;;;;;
KENNEDY;2016-01-05;;38.70833333;;;;;;;;;;;;;;
KENNEDY;2016-01-04;;29.41666667;;;;;;;;;;;;;;
KENNEDY;2016-01-03;;16.7826087;;;;;;;;;;;;;;
KENNEDY;2016-01-02;;12.63636364;;;;;;;;;;;;;;
KENNEDY;2016-01-01;;15.75;;;;;;;;;;;;;;
KENNEDY;2015-12-31;;10.7826087;;;;;;;;;;;;;;
KENNEDY;2015-12-30;;18.33333333;;;;;;;;;;;;;;
KENNEDY;2015-12-29;;18.08333333;;;;;;;;;;;;;;
KENNEDY;2015-12-28;;19.5;;;;;;;;;;;;;;
KENNEDY;2015-12-27;;18.125;;;;;;;;;;;;;;
KENNEDY;2015-12-26;;13.13636364;;;;;;;;;;;;;;
KENNEDY;2015-12-25;;29.56521739;;;;;;;;;;;;;;
KENNEDY;2015-12-24;;21.125;;;;;;;;;;;;;;
KENNEDY;2015-12-23;;23.2173913;;;;;;;;;;;;;;
KENNEDY;2015-12-22;;19.16666667;;;;;;;;;;;;;;
KENNEDY;2015-12-21;;17.82608696;;;;;;;;;;;;;;
KENNEDY;2015-12-20;;12.83333333;;;;;;;;;;;;;;
KENNEDY;2015-12-19;;17.08333333;;;;;;;;;;;;;;
KENNEDY;2015-12-18;;28.0;;;;;;;;;;;;;;
KENNEDY;2015-12-17;;25.625;;;;;;;;;;;;;;
KENNEDY;2015-12-16;;28.04347826;;;;;;;;;;;;;;
KENNEDY;2015-12-15;;34.91666667;;;;;;;;;;;;;;
KENNEDY;2015-12-14;;27.95833333;;;;;;;;;;;;;;
KENNEDY;2015-12-13;;24.41666667;;;;;;;;;;;;;;
KENNEDY;2015-12-12;;29.0;;;;;;;;;;;;;;
KENNEDY;2015-12-11;;28.91666667;;;;;;;;;;;;;;
KENNEDY;2015-12-10;;24.29166667;;;;;;;;;;;;;;
KENNEDY;2015-12-09;;29.625;;;;;;;;;;;;;;
KENNEDY;2015-12-08;;45.17391304;;;;;;;;;;;;;;
KENNEDY;2015-12-07;;38.375;;;;;;;;;;;;;;
KENNEDY;2015-12-06;;21.91666667;;;;;;;;;;;;;;
KENNEDY;2015-12-05;;33.0;;;;;;;;;;;;;;
KENNEDY;2015-12-04;;30.41666667;;;;;;;;;;;;;;
KENNEDY;2015-12-03;;34.66666667;;;;;;;;;;;;;;
KENNEDY;2015-12-02;;21.54166667;;;;;;;;;;;;;;
KENNEDY;2015-12-01;;20.70833333;;;;;;;;;;;;;;
KENNEDY;2015-11-30;;17.25;;;;;;;;;;;;;;
KENNEDY;2015-11-29;;22.58333333;;;;;;;;;;;;;;
KENNEDY;2015-11-28;;38.375;;;;;;;;;;;;;;
KENNEDY;2015-11-27;;30.25;;;;;;;;;;;;;;
KENNEDY;2015-11-26;;26.54166667;;;;;;;;;;;;;;
KENNEDY;2015-11-25;;32.45833333;;;;;;;;;;;;;;
KENNEDY;2015-11-24;;36.29166667;;;;;;;;;;;;;;
KENNEDY;2015-11-23;;28.29166667;;;;;;;;;;;;;;
KENNEDY;2015-11-22;;24.79166667;;;;;;;;;;;;;;
KENNEDY;2015-11-21;;34.91666667;;;;;;;;;;;;;;
KENNEDY;2015-11-20;;48.79166667;;;;;;;;;;;;;;
KENNEDY;2015-11-19;;32.91666667;;;;;;;;;;;;;;
KENNEDY;2015-11-18;;24.65217391;;;;;;;;;;;;;;
KENNEDY;2015-11-17;;20.58333333;;;;;;;;;;;;;;
KENNEDY;2015-11-16;;14.54166667;;;;;;;;;;;;;;
KENNEDY;2015-11-15;;17.54166667;;;;;;;;;;;;;;
KENNEDY;2015-11-14;;19.0;;;;;;;;;;;;;;
KENNEDY;2015-11-13;;27.70833333;;;;;;;;;;;;;;
KENNEDY;2015-11-12;;31.29166667;;;;;;;;;;;;;;
KENNEDY;2015-11-11;;22.58333333;;;;;;;;;;;;;;
KENNEDY;2015-11-10;;26.04347826;;;;;;;;;;;;;;
KENNEDY;2015-11-09;;26.83333333;;;;;;;;;;;;;;
KENNEDY;2015-11-08;;16.91666667;;;;;;;;;;;;;;
KENNEDY;2015-11-07;;24.41666667;;;;;;;;;;;;;;
KENNEDY;2015-11-06;;37.83333333;;;;;;;;;;;;;;
KENNEDY;2015-11-05;;30.0;;;;;;;;;;;;;;
KENNEDY;2015-11-04;;39.0;;;;;;;;;;;;;;
KENNEDY;2015-11-03;;34.70833333;;;;;;;;;;;;;;
KENNEDY;2015-11-02;;24.54166667;;;;;;;;;;;;;;
KENNEDY;2015-11-01;;26.86956522;;;;;;;;;;;;;;
KENNEDY;2015-10-31;;51.20833333;;;;;;;;;;;;;;
KENNEDY;2015-10-30;;40.58333333;;;;;;;;;;;;;;
KENNEDY;2015-10-29;;38.75;;;;;;;;;;;;;;
KENNEDY;2015-10-28;;36.0;;;;;;;;;;;;;;
KENNEDY;2015-10-27;;24.70833333;;;;;;;;;;;;;;
KENNEDY;2015-10-26;;25.0;;;;;;;;;;;;;;
KENNEDY;2015-10-25;;21.83333333;;;;;;;;;;;;;;
KENNEDY;2015-10-24;;35.91304348;;;;;;;;;;;;;;
KENNEDY;2015-10-23;;31.29166667;;;;;;;;;;;;;;
KENNEDY;2015-10-22;;44.04166667;;;;;;;;;;;;;;
KENNEDY;2015-10-21;;24.26086957;;;;;;;;;;;;;;
KENNEDY;2015-10-20;;25.0;;;;;;;;;;;;;;
KENNEDY;2015-10-19;;27.54166667;;;;;;;;;;;;;;
KENNEDY;2015-10-18;;17.625;;;;;;;;;;;;;;
KENNEDY;2015-10-17;;23.79166667;;;;;;;;;;;;;;
KENNEDY;2015-10-16;;19.41666667;;;;;;;;;;;;;;
KENNEDY;2015-10-15;;20.33333333;;;;;;;;;;;;;;
KENNEDY;2015-10-14;;27.5;;;;;;;;;;;;;;
KENNEDY;2015-10-13;;31.04166667;;;;;;;;;;;;;;
KENNEDY;2015-10-12;;25.29166667;;;;;;;;;;;;;;
KENNEDY;2015-10-11;;26.625;;;;;;;;;;;;;;
KENNEDY;2015-10-10;;34.66666667;;;;;;;;;;;;;;
KENNEDY;2015-10-09;;32.33333333;;;;;;;;;;;;;;
KENNEDY;2015-10-08;;29.60869565;;;;;;;;;;;;;;
KENNEDY;2015-10-07;;31.66666667;;;;;;;;;;;;;;
KENNEDY;2015-10-06;;27.29166667;;;;;;;;;;;;;;
KENNEDY;2015-10-05;;19.625;;;;;;;;;;;;;;
KENNEDY;2015-10-04;;14.16666667;;;;;;;;;;;;;;
KENNEDY;2015-10-03;;19.625;;;;;;;;;;;;;;
KENNEDY;2015-10-02;;34.30434783;;;;;;;;;;;;;;
KENNEDY;2015-10-01;;30.625;;;;;;;;;;;;;;
KENNEDY;2015-09-30;;34.95833333;;;;;;;;;;;;;;
KENNEDY;2015-09-29;;26.41666667;;;;;;;;;;;;;;
KENNEDY;2015-09-28;;31.08695652;;;;;;;;;;;;;;
KENNEDY;2015-09-27;;20.75;;;;;;;;;;;;;;
KENNEDY;2015-09-26;;25.58333333;;;;;;;;;;;;;;
KENNEDY;2015-09-25;;26.5;;;;;;;;;;;;;;
KENNEDY;2015-09-24;;28.875;;;;;;;;;;;;;;
KENNEDY;2015-09-23;;23.54166667;;;;;;;;;;;;;;
KENNEDY;2015-09-22;;23.95833333;;;;;;;;;;;;;;
KENNEDY;2015-09-21;;20.04166667;;;;;;;;;;;;;;
KENNEDY;2015-09-20;;13.33333333;;;;;;;;;;;;;;
KENNEDY;2015-09-19;;26.41666667;;;;;;;;;;;;;;
KENNEDY;2015-09-18;;32.58333333;;;;;;;;;;;;;;
KENNEDY;2015-09-17;;66.16666667;;;;;;;;;;;;;;
KENNEDY;2015-09-16;;47.33333333;;;;;;;;;;;;;;
KENNEDY;2015-09-15;;32.2173913;;;;;;;;;;;;;;
KENNEDY;2015-09-14;;23.13043478;;;;;;;;;;;;;;
KENNEDY;2015-09-13;;20.08333333;;;;;;;;;;;;;;
KENNEDY;2015-09-12;;23.66666667;;;;;;;;;;;;;;
KENNEDY;2015-09-11;;21.25;;;;;;;;;;;;;;
KENNEDY;2015-09-10;;28.75;;;;;;;;;;;;;;
KENNEDY;2015-09-09;;24.75;;;;;;;;;;;;;;
KENNEDY;2015-09-08;;19.0;;;;;;;;;;;;;;
KENNEDY;2015-09-07;;19.94444444;;;;;;;;;;;;;;
KENNEDY;2015-09-06;;18.83333333;;;;;;;;;;;;;;
KENNEDY;2015-09-05;;30.20833333;;;;;;;;;;;;;;
KENNEDY;2015-09-04;;36.08333333;;;;;;;;;;;;;;
KENNEDY;2015-09-03;;23.64705882;;;;;;;;;;;;;;
KENNEDY;2015-09-02;;36.25;;;;;;;;;;;;;;
KENNEDY;2015-09-01;;22.59090909;;;;;;;;;;;;;;
KENNEDY;2015-08-31;;16.47826087;;;;;;;;;;;;;;
KENNEDY;2015-08-30;;18.33333333;;;;;;;;;;;;;;
KENNEDY;2015-08-29;;18.7826087;;;;;;;;;;;;;;
KENNEDY;2015-08-28;;20.43478261;;;;;;;;;;;;;;
KENNEDY;2015-08-27;;34.73333333;;;;;;;;;;;;;;
KENNEDY;2015-08-26;;27.1875;;;;;;;;;;;;;;
KENNEDY;2015-08-25;;23.625;;;;;;;;;;;;;;
KENNEDY;2015-08-24;;25.91666667;;;;;;;;;;;;;;
KENNEDY;2015-08-23;;29.91666667;;;;;;;;;;;;;;
KENNEDY;2015-08-22;;37.75;;;;;;;;;;;;;;
KENNEDY;2015-08-21;;29.91304348;;;;;;;;;;;;;;
KENNEDY;2015-08-20;;17.95833333;;;;;;;;;;;;;;
KENNEDY;2015-08-19;;25.58333333;;;;;;;;;;;;;;
KENNEDY;2015-08-18;;19.34782609;;;;;;;;;;;;;;
KENNEDY;2015-08-17;;13.73913043;;;;;;;;;;;;;;
KENNEDY;2015-08-16;;16.16666667;;;;;;;;;;;;;;
KENNEDY;2015-08-15;;19.95833333;;;;;;;;;;;;;;
KENNEDY;2015-08-14;;21.83333333;;;;;;;;;;;;;;
KENNEDY;2015-08-13;;24.625;;;;;;;;;;;;;;
KENNEDY;2015-08-12;;22.72727273;;;;;;;;;;;;;;
KENNEDY;2015-08-11;;20.33333333;;;;;;;;;;;;;;
KENNEDY;2015-08-10;;28.79166667;;;;;;;;;;;;;;
KENNEDY;2015-08-09;;17.26315789;;;;;;;;;;;;;;
KENNEDY;2015-08-08;;18.39130435;;;;;;;;;;;;;;
KENNEDY;2015-08-07;;20.54166667;;;;;;;;;;;;;;
KENNEDY;2015-08-06;;23.33333333;;;;;;;;;;;;;;
KENNEDY;2015-08-05;;20.82608696;;;;;;;;;;;;;;
KENNEDY;2015-08-04;;17.75;;;;;;;;;;;;;;
KENNEDY;2015-08-03;;21.58333333;;;;;;;;;;;;;;
KENNEDY;2015-08-02;;16.65217391;;;;;;;;;;;;;;
KENNEDY;2015-08-01;;31.04166667;;;;;;;;;;;;;;
KENNEDY;2015-07-31;;19.16666667;;;;;;;;;;;;;;
KENNEDY;2015-07-30;;18.86363636;;;;;;;;;;;;;;
KENNEDY;2015-07-29;;16.91666667;;;;;;;;;;;;;;
KENNEDY;2015-07-28;;21.09090909;;;;;;;;;;;;;;
KENNEDY;2015-07-27;;16.66666667;;;;;;;;;;;;;;
KENNEDY;2015-07-26;;15.29166667;;;;;;;;;;;;;;
KENNEDY;2015-07-25;;19.2173913;;;;;;;;;;;;;;
KENNEDY;2015-07-24;;26.25;;;;;;;;;;;;;;
KENNEDY;2015-07-23;;21.20833333;;;;;;;;;;;;;;
KENNEDY;2015-07-22;;21.04347826;;;;;;;;;;;;;;
KENNEDY;2015-07-21;;24.375;;;;;;;;;;;;;;
KENNEDY;2015-07-20;;17.5;;;;;;;;;;;;;;
KENNEDY;2015-07-19;;23.875;;;;;;;;;;;;;;
KENNEDY;2015-07-18;;20.875;;;;;;;;;;;;;;
KENNEDY;2015-07-17;;21.33333333;;;;;;;;;;;;;;
KENNEDY;2015-07-16;;22.375;;;;;;;;;;;;;;
KENNEDY;2015-07-15;;18.04166667;;;;;;;;;;;;;;
KENNEDY;2015-07-14;;27.0;;;;;;;;;;;;;;
KENNEDY;2015-07-13;;26.20833333;;;;;;;;;;;;;;
KENNEDY;2015-07-12;;15.54166667;;;;;;;;;;;;;;
KENNEDY;2015-07-11;;19.91666667;;;;;;;;;;;;;;
KENNEDY;2015-07-10;;24.125;;;;;;;;;;;;;;
KENNEDY;2015-07-09;;30.16666667;;;;;;;;;;;;;;
KENNEDY;2015-07-08;;24.08695652;;;;;;;;;;;;;;
KENNEDY;2015-07-07;;26.70833333;;;;;;;;;;;;;;
KENNEDY;2015-07-06;;19.91666667;;;;;;;;;;;;;;
KENNEDY;2015-07-05;;14.54166667;;;;;;;;;;;;;;
KENNEDY;2015-07-04;;17.66666667;;;;;;;;;;;;;;
KENNEDY;2015-07-03;;22.83333333;;;;;;;;;;;;;;
KENNEDY;2015-07-02;;21.08333333;;;;;;;;;;;;;;
KENNEDY;2015-07-01;;23.16666667;;;;;;;;;;;;;;
KENNEDY;2015-06-30;;30.13333333;;;;;;;;;;;;;;
KENNEDY;2015-06-29;;15.79166667;;;;;;;;;;;;;;
KENNEDY;2015-06-28;;11.5;;;;;;;;;;;;;;
KENNEDY;2015-06-27;;14.0;;;;;;;;;;;;;;
KENNEDY;2015-06-26;;15.625;;;;;;;;;;;;;;
KENNEDY;2015-06-25;;15.79166667;;;;;;;;;;;;;;
KENNEDY;2015-06-24;;15.83333333;;;;;;;;;;;;;;
KENNEDY;2015-06-23;;13.83333333;;;;;;;;;;;;;;
KENNEDY;2015-06-22;;16.79166667;;;;;;;;;;;;;;
KENNEDY;2015-06-21;;15.16666667;;;;;;;;;;;;;;
KENNEDY;2015-06-20;;18.16666667;;;;;;;;;;;;;;
KENNEDY;2015-06-19;;17.66666667;;;;;;;;;;;;;;
KENNEDY;2015-06-18;;16.95833333;;;;;;;;;;;;;;
KENNEDY;2015-06-17;;18.04166667;;;;;;;;;;;;;;
KENNEDY;2015-06-16;;19.83333333;;;;;;;;;;;;;;
KENNEDY;2015-06-15;;15.56521739;;;;;;;;;;;;;;
KENNEDY;2015-06-14;;17.91666667;;;;;;;;;;;;;;
KENNEDY;2015-06-13;;25.75;;;;;;;;;;;;;;
KENNEDY;2015-06-12;;25.70833333;;;;;;;;;;;;;;
KENNEDY;2015-06-11;;24.79166667;;;;;;;;;;;;;;
KENNEDY;2015-06-10;;25.25;;;;;;;;;;;;;;
KENNEDY;2015-06-09;;24.28571429;;;;;;;;;;;;;;
KENNEDY;2015-06-08;;17.625;;;;;;;;;;;;;;
KENNEDY;2015-06-07;;24.95652174;;;;;;;;;;;;;;
KENNEDY;2015-06-06;;21.7826087;;;;;;;;;;;;;;
KENNEDY;2015-06-05;;21.625;;;;;;;;;;;;;;
KENNEDY;2015-06-04;;21.375;;;;;;;;;;;;;;
KENNEDY;2015-06-03;;21.16666667;;;;;;;;;;;;;;
KENNEDY;2015-06-02;;19.0;;;;;;;;;;;;;;
KENNEDY;2015-06-01;;21.70833333;;;;;;;;;;;;;;
KENNEDY;2015-05-31;;18.75;;;;;;;;;;;;;;
KENNEDY;2015-05-30;;33.0;;;;;;;;;;;;;;
KENNEDY;2015-05-29;;32.91666667;;;;;;;;;;;;;;
KENNEDY;2015-05-28;;26.33333333;;;;;;;;;;;;;;
KENNEDY;2015-05-27;;31.29166667;;;;;;;;;;;;;;
KENNEDY;2015-05-26;;27.66666667;;;;;;;;;;;;;;
KENNEDY;2015-05-25;;25.16666667;;;;;;;;;;;;;;
KENNEDY;2015-05-24;;19.04166667;;;;;;;;;;;;;;
KENNEDY;2015-05-23;;21.60869565;;;;;;;;;;;;;;
KENNEDY;2015-05-22;;26.41666667;;;;;;;;;;;;;;
KENNEDY;2015-05-21;;21.86363636;;;;;;;;;;;;;;
KENNEDY;2015-05-20;;22.625;;;;;;;;;;;;;;
KENNEDY;2015-05-19;;19.125;;;;;;;;;;;;;;
KENNEDY;2015-05-18;;12.29166667;;;;;;;;;;;;;;
KENNEDY;2015-05-17;;17.125;;;;;;;;;;;;;;
KENNEDY;2015-05-16;;23.125;;;;;;;;;;;;;;
KENNEDY;2015-05-15;;23.91666667;;;;;;;;;;;;;;
KENNEDY;2015-05-14;;25.125;;;;;;;;;;;;;;
KENNEDY;2015-05-13;;28.66666667;;;;;;;;;;;;;;
KENNEDY;2015-05-12;;30.65217391;;;;;;;;;;;;;;
KENNEDY;2015-05-11;;31.29166667;;;;;;;;;;;;;;
KENNEDY;2015-05-10;;26.70833333;;;;;;;;;;;;;;
KENNEDY;2015-05-09;;20.125;;;;;;;;;;;;;;
KENNEDY;2015-05-08;;28.375;;;;;;;;;;;;;;
KENNEDY;2015-05-07;;36.54166667;;;;;;;;;;;;;;
KENNEDY;2015-05-06;;42.25;;;;;;;;;;;;;;
KENNEDY;2015-05-05;;50.125;;;;;;;;;;;;;;
KENNEDY;2015-05-04;;44.0;;;;;;;;;;;;;;
KENNEDY;2015-05-03;;33.29166667;;;;;;;;;;;;;;
KENNEDY;2015-05-02;;58.54166667;;;;;;;;;;;;;;
KENNEDY;2015-05-01;;42.45833333;;;;;;;;;;;;;;
KENNEDY;2015-04-30;;37.66666667;;;;;;;;;;;;;;
KENNEDY;2015-04-29;;31.04166667;;;;;;;;;;;;;;
KENNEDY;2015-04-28;;21.5;;;;;;;;;;;;;;
KENNEDY;2015-04-27;;17.95833333;;;;;;;;;;;;;;
KENNEDY;2015-04-26;;12.0;;;;;;;;;;;;;;
KENNEDY;2015-04-25;;22.79166667;;;;;;;;;;;;;;
KENNEDY;2015-04-24;;32.56521739;;;;;;;;;;;;;;
KENNEDY;2015-04-23;;28.70833333;;;;;;;;;;;;;;
KENNEDY;2015-04-22;;35.20833333;;;;;;;;;;;;;;
KENNEDY;2015-04-21;;23.875;;;;;;;;;;;;;;
KENNEDY;2015-04-20;;27.33333333;;;;;;;;;;;;;;
KENNEDY;2015-04-19;;21.0;;;;;;;;;;;;;;
KENNEDY;2015-04-18;;30.25;;;;;;;;;;;;;;
KENNEDY;2015-04-17;;29.25;;;;;;;;;;;;;;
KENNEDY;2015-04-16;;26.54166667;;;;;;;;;;;;;;
KENNEDY;2015-04-15;;25.83333333;;;;;;;;;;;;;;
KENNEDY;2015-04-14;;28.95833333;;;;;;;;;;;;;;
KENNEDY;2015-04-13;;22.58333333;;;;;;;;;;;;;;
KENNEDY;2015-04-12;;18.125;;;;;;;;;;;;;;
KENNEDY;2015-04-11;;27.16666667;;;;;;;;;;;;;;
KENNEDY;2015-04-10;;32.34782609;;;;;;;;;;;;;;
KENNEDY;2015-04-09;;30.0;;;;;;;;;;;;;;
KENNEDY;2015-04-08;;33.41666667;;;;;;;;;;;;;;
KENNEDY;2015-04-07;;30.375;;;;;;;;;;;;;;
KENNEDY;2015-04-06;;31.79166667;;;;;;;;;;;;;;
KENNEDY;2015-04-05;;22.5;;;;;;;;;;;;;;
KENNEDY;2015-04-04;;18.83333333;;;;;;;;;;;;;;
KENNEDY;2015-04-03;;19.66666667;;;;;;;;;;;;;;
KENNEDY;2015-04-02;;33.41666667;;;;;;;;;;;;;;
KENNEDY;2015-04-01;;41.0;;;;;;;;;;;;;;
KENNEDY;2015-03-31;;48.04166667;;;;;;;;;;;;;;
KENNEDY;2015-03-30;;38.45833333;;;;;;;;;;;;;;
KENNEDY;2015-03-29;;32.58333333;;;;;;;;;;;;;;
KENNEDY;2015-03-28;;51.16666667;;;;;;;;;;;;;;
KENNEDY;2015-03-27;;48.95833333;;;;;;;;;;;;;;
KENNEDY;2015-03-26;;49.20833333;;;;;;;;;;;;;;
KENNEDY;2015-03-25;;43.875;;;;;;;;;;;;;;
KENNEDY;2015-03-24;;40.60869565;;;;;;;;;;;;;;
KENNEDY;2015-03-23;;28.95833333;;;;;;;;;;;;;;
KENNEDY;2015-03-22;;31.125;;;;;;;;;;;;;;
KENNEDY;2015-03-21;;20.16666667;;;;;;;;;;;;;;
KENNEDY;2015-03-20;;32.70833333;;;;;;;;;;;;;;
KENNEDY;2015-03-19;;42.54166667;;;;;;;;;;;;;;
KENNEDY;2015-03-18;;40.75;;;;;;;;;;;;;;
KENNEDY;2015-03-17;;37.5;;;;;;;;;;;;;;
KENNEDY;2015-03-16;;29.25;;;;;;;;;;;;;;
KENNEDY;2015-03-15;;37.875;;;;;;;;;;;;;;
KENNEDY;2015-03-14;;34.66666667;;;;;;;;;;;;;;
KENNEDY;2015-03-13;;36.13043478;;;;;;;;;;;;;;
KENNEDY;2015-03-12;;33.54166667;;;;;;;;;;;;;;
KENNEDY;2015-03-11;;27.41666667;;;;;;;;;;;;;;
KENNEDY;2015-03-10;;21.22222222;;;;;;;;;;;;;;
KENNEDY;2015-03-09;;24.95833333;;;;;;;;;;;;;;
KENNEDY;2015-03-08;;19.75;;;;;;;;;;;;;;
KENNEDY;2015-03-07;;21.125;;;;;;;;;;;;;;
KENNEDY;2015-03-06;;30.20833333;;;;;;;;;;;;;;
KENNEDY;2015-03-05;;34.17391304;;;;;;;;;;;;;;
KENNEDY;2015-03-04;;28.5;;;;;;;;;;;;;;
KENNEDY;2015-03-03;;33.0;;;;;;;;;;;;;;
KENNEDY;2015-03-02;;35.375;;;;;;;;;;;;;;
KENNEDY;2015-03-01;;29.33333333;;;;;;;;;;;;;;
KENNEDY;2015-02-28;;24.70833333;;;;;;;;;;;;;;
KENNEDY;2015-02-27;;33.79166667;;;;;;;;;;;;;;
KENNEDY;2015-02-26;;42.83333333;;;;;;;;;;;;;;
KENNEDY;2015-02-25;;42.58333333;;;;;;;;;;;;;;
KENNEDY;2015-02-24;;58.75;;;;;;;;;;;;;;
KENNEDY;2015-02-23;;33.31818182;;;;;;;;;;;;;;
KENNEDY;2015-02-22;;29.125;;;;;;;;;;;;;;
KENNEDY;2015-02-21;;42.75;;;;;;;;;;;;;;
KENNEDY;2015-02-20;;36.58333333;;;;;;;;;;;;;;
KENNEDY;2015-02-19;;32.33333333;;;;;;;;;;;;;;
KENNEDY;2015-02-18;;46.54166667;;;;;;;;;;;;;;
KENNEDY;2015-02-17;;39.69565217;;;;;;;;;;;;;;
KENNEDY;2015-02-16;;33.91666667;;;;;;;;;;;;;;
KENNEDY;2015-02-15;;24.125;;;;;;;;;;;;;;
KENNEDY;2015-02-14;;23.91666667;;;;;;;;;;;;;;
KENNEDY;2015-02-13;;25.28571429;;;;;;;;;;;;;;
KENNEDY;2015-02-12;;35.33333333;;;;;;;;;;;;;;
KENNEDY;2015-02-11;;37.54166667;;;;;;;;;;;;;;
KENNEDY;2015-02-10;;44.58333333;;;;;;;;;;;;;;
KENNEDY;2015-02-09;;24.375;;;;;;;;;;;;;;
KENNEDY;2015-02-08;;35.70833333;;;;;;;;;;;;;;
KENNEDY;2015-02-07;;52.75;;;;;;;;;;;;;;
KENNEDY;2015-02-06;;41.86956522;;;;;;;;;;;;;;
KENNEDY;2015-02-05;;23.58333333;;;;;;;;;;;;;;
KENNEDY;2015-02-04;;21.95833333;;;;;;;;;;;;;;
KENNEDY;2015-02-03;;18.125;;;;;;;;;;;;;;
KENNEDY;2015-02-02;;20.65217391;;;;;;;;;;;;;;
KENNEDY;2015-02-01;;13.29166667;;;;;;;;;;;;;;
KENNEDY;2015-01-31;;23.0;;;;;;;;;;;;;;
KENNEDY;2015-01-30;;38.45833333;;;;;;;;;;;;;;
KENNEDY;2015-01-29;;36.5;;;;;;;;;;;;;;
KENNEDY;2015-01-28;;38.95833333;;;;;;;;;;;;;;
KENNEDY;2015-01-27;;38.5;;;;;;;;;;;;;;
KENNEDY;2015-01-26;;32.33333333;;;;;;;;;;;;;;
KENNEDY;2015-01-25;;28.20833333;;;;;;;;;;;;;;
KENNEDY;2015-01-24;;47.0;;;;;;;;;;;;;;
KENNEDY;2015-01-23;;40.875;;;;;;;;;;;;;;
KENNEDY;2015-01-22;;39.60869565;;;;;;;;;;;;;;
KENNEDY;2015-01-21;;28.14285714;;;;;;;;;;;;;;
KENNEDY;2015-01-20;;29.95833333;;;;;;;;;;;;;;
KENNEDY;2015-01-19;;31.58333333;;;;;;;;;;;;;;
KENNEDY;2015-01-18;;32.16666667;;;;;;;;;;;;;;
KENNEDY;2015-01-17;;50.41666667;;;;;;;;;;;;;;
KENNEDY;2015-01-16;;38.30434783;;;;;;;;;;;;;;
KENNEDY;2015-01-15;;34.65;;;;;;;;;;;;;;
KENNEDY;2015-01-14;;35.16666667;;;;;;;;;;;;;;
KENNEDY;2015-01-13;;27.75;;;;;;;;;;;;;;
KENNEDY;2015-01-12;;12.625;;;;;;;;;;;;;;
KENNEDY;2015-01-11;;15.66666667;;;;;;;;;;;;;;
KENNEDY;2015-01-10;;24.70833333;;;;;;;;;;;;;;
KENNEDY;2015-01-09;;18.5;;;;;;;;;;;;;;
KENNEDY;2015-01-08;;21.875;;;;;;;;;;;;;;
KENNEDY;2015-01-07;;17.83333333;;;;;;;;;;;;;;
KENNEDY;2015-01-06;;24.47826087;;;;;;;;;;;;;;
KENNEDY;2015-01-05;;14.54166667;;;;;;;;;;;;;;
KENNEDY;2015-01-04;;11.375;;;;;;;;;;;;;;
KENNEDY;2015-01-03;;17.65217391;;;;;;;;;;;;;;
KENNEDY;2015-01-02;;15.20833333;;;;;;;;;;;;;;
KENNEDY;2015-01-01;;27.375;;;;;;;;;;;;;;
KENNEDY;2014-12-31;;19.125;;;;;;;;;;;;;;
KENNEDY;2014-12-30;;25.45833333;;;;;;;;;;;;;;
KENNEDY;2014-12-29;;25.54861112;;;;;;;;;;;;;;
KENNEDY;2014-12-28;;17.91666667;;;;;;;;;;;;;;
KENNEDY;2014-12-27;;26.14583334;;;;;;;;;;;;;;
KENNEDY;2014-12-26;;21.4375;;;;;;;;;;;;;;
KENNEDY;2014-12-25;;53.77083334;;;;;;;;;;;;;;
KENNEDY;2014-12-24;;38.27083334;;;;;;;;;;;;;;
KENNEDY;2014-12-23;;31.56250001;;;;;;;;;;;;;;
KENNEDY;2014-12-22;;29.95833333;;;;;;;;;;;;;;
KENNEDY;2014-12-21;;38.86805556;;;;;;;;;;;;;;
KENNEDY;2014-12-20;;44.40277779;;;;;;;;;;;;;;
KENNEDY;2014-12-19;;53.4126984;;;;;;;;;;;;;;
KENNEDY;2014-12-18;;52.8125;;;;;;;;;;;;;;
KENNEDY;2014-12-17;;50.30555555;;;;;;;;;;;;;;
KENNEDY;2014-12-16;;44.5625;;;;;;;;;;;;;;
KENNEDY;2014-12-15;;48.20833333;;;;;;;;;;;;;;
KENNEDY;2014-12-14;;28.16666666;;;;;;;;;;;;;;
KENNEDY;2014-12-13;;50.54166667;;;;;;;;;;;;;;
KENNEDY;2014-12-12;;26.36111112;;;;;;;;;;;;;;
KENNEDY;2014-12-11;;28.84027778;;;;;;;;;;;;;;
KENNEDY;2014-12-10;;34.20833333;;;;;;;;;;;;;;
KENNEDY;2014-12-09;;32.55555556;;;;;;;;;;;;;;
KENNEDY;2014-12-08;;61.88194445;;;;;;;;;;;;;;
KENNEDY;2014-12-07;;54.0486111;;;;;;;;;;;;;;
KENNEDY;2014-12-06;;39.67361111;;;;;;;;;;;;;;
KENNEDY;2014-12-05;;42.4861111;;;;;;;;;;;;;;
KENNEDY;2014-12-04;;45.63888889;;;;;;;;;;;;;;
KENNEDY;2014-12-03;;24.67361111;;;;;;;;;;;;;;
KENNEDY;2014-12-02;;24.63333333;;;;;;;;;;;;;;
KENNEDY;2014-12-01;;25.48611112;;;;;;;;;;;;;;
KENNEDY;2014-11-30;;19.09722223;;;;;;;;;;;;;;
KENNEDY;2014-11-29;;25.79166667;;;;;;;;;;;;;;
KENNEDY;2014-11-28;;29.75694445;;;;;;;;;;;;;;
KENNEDY;2014-11-27;;43.02777778;;;;;;;;;;;;;;
KENNEDY;2014-11-26;;34.09027778;;;;;;;;;;;;;;
KENNEDY;2014-11-25;;24.13194444;;;;;;;;;;;;;;
KENNEDY;2014-11-24;;23.04861111;;;;;;;;;;;;;;
KENNEDY;2014-11-23;;20.13888889;;;;;;;;;;;;;;
KENNEDY;2014-11-22;;45.22222222;;;;;;;;;;;;;;
KENNEDY;2014-11-21;;36.83333333;;;;;;;;;;;;;;
KENNEDY;2014-11-20;;30.53472223;;;;;;;;;;;;;;
KENNEDY;2014-11-19;;25.96527776;;;;;;;;;;;;;;
KENNEDY;2014-11-18;;36.29861113;;;;;;;;;;;;;;
KENNEDY;2014-11-17;;15.67361111;;;;;;;;;;;;;;
KENNEDY;2014-11-16;;24.54166667;;;;;;;;;;;;;;
KENNEDY;2014-11-15;;35.9236111;;;;;;;;;;;;;;
KENNEDY;2014-11-14;;15.41666667;;;;;;;;;;;;;;
KENNEDY;2014-11-13;;22.01388888;;;;;;;;;;;;;;
KENNEDY;2014-11-12;;19.99305556;;;;;;;;;;;;;;
KENNEDY;2014-11-11;;19.3263889;;;;;;;;;;;;;;
KENNEDY;2014-11-10;;29.24999999;;;;;;;;;;;;;;
KENNEDY;2014-11-09;;24.70138889;;;;;;;;;;;;;;
KENNEDY;2014-11-08;;38.14583333;;;;;;;;;;;;;;
KENNEDY;2014-11-07;;33.22380951;;;;;;;;;;;;;;
KENNEDY;2014-11-06;;58.09523809;;;;;;;;;;;;;;
KENNEDY;2014-11-05;;31.25000001;;;;;;;;;;;;;;
KENNEDY;2014-11-04;;39.47222222;;;;;;;;;;;;;;
KENNEDY;2014-11-03;;25.11111111;;;;;;;;;;;;;;
KENNEDY;2014-11-02;;30.49305556;;;;;;;;;;;;;;
KENNEDY;2014-11-01;;35.45238095;;;;;;;;;;;;;;
KENNEDY;2014-10-31;;40.90277778;;;;;;;;;;;;;;
KENNEDY;2014-10-30;;49.88888889;;;;;;;;;;;;;;
KENNEDY;2014-10-29;;54.86111111;;;;;;;;;;;;;;
KENNEDY;2014-10-28;;53.79166667;;;;;;;;;;;;;;
KENNEDY;2014-10-27;;28.56249999;;;;;;;;;;;;;;
KENNEDY;2014-10-26;;25.00694444;;;;;;;;;;;;;;
KENNEDY;2014-10-25;;39.22463769;;;;;;;;;;;;;;
KENNEDY;2014-10-24;;52.15079365;;;;;;;;;;;;;;
KENNEDY;2014-10-23;;36.32638889;;;;;;;;;;;;;;
KENNEDY;2014-10-22;;26.53968253;;;;;;;;;;;;;;
KENNEDY;2014-10-21;;24.09027778;;;;;;;;;;;;;;
KENNEDY;2014-10-20;;33.7638889;;;;;;;;;;;;;;
KENNEDY;2014-10-19;;21.875;;;;;;;;;;;;;;
KENNEDY;2014-10-18;;30.78472222;;;;;;;;;;;;;;
KENNEDY;2014-10-17;;27.57575757;;;;;;;;;;;;;;
KENNEDY;2014-10-16;;27.20833333;;;;;;;;;;;;;;
KENNEDY;2014-10-15;;19.08333334;;;;;;;;;;;;;;
KENNEDY;2014-10-14;;17.47619048;;;;;;;;;;;;;;
KENNEDY;2014-10-13;;10.84027778;;;;;;;;;;;;;;
KENNEDY;2014-10-12;;12.90972223;;;;;;;;;;;;;;
KENNEDY;2014-10-11;;22.0;;;;;;;;;;;;;;
KENNEDY;2014-10-10;;41.28472222;;;;;;;;;;;;;;
KENNEDY;2014-10-09;;25.66666666;;;;;;;;;;;;;;
KENNEDY;2014-10-08;;30.3611111;;;;;;;;;;;;;;
KENNEDY;2014-10-07;;23.40151515;;;;;;;;;;;;;;
KENNEDY;2014-10-06;;21.8611111;;;;;;;;;;;;;;
KENNEDY;2014-10-05;;28.625;;;;;;;;;;;;;;
KENNEDY;2014-10-04;;30.15972222;;;;;;;;;;;;;;
KENNEDY;2014-10-03;;25.98333332;;;;;;;;;;;;;;
KENNEDY;2014-10-02;;20.70833333;;;;;;;;;;;;;;
KENNEDY;2014-10-01;;19.79166667;;;;;;;;;;;;;;
KENNEDY;2014-09-30;;27.50694445;;;;;;;;;;;;;;
KENNEDY;2014-09-29;;23.56349208;;;;;;;;;;;;;;
KENNEDY;2014-09-28;;15.61111111;;;;;;;;;;;;;;
KENNEDY;2014-09-27;;23.20138889;;;;;;;;;;;;;;
KENNEDY;2014-09-26;;35.04861111;;;;;;;;;;;;;;
KENNEDY;2014-09-25;;38.24242424;;;;;;;;;;;;;;
KENNEDY;2014-09-24;;29.18055555;;;;;;;;;;;;;;
KENNEDY;2014-09-23;;21.05555555;;;;;;;;;;;;;;
KENNEDY;2014-09-22;;20.44444445;;;;;;;;;;;;;;
KENNEDY;2014-09-21;;13.99305555;;;;;;;;;;;;;;
KENNEDY;2014-09-20;;19.375;;;;;;;;;;;;;;
KENNEDY;2014-09-19;;27.00694443;;;;;;;;;;;;;;
KENNEDY;2014-09-18;;29.0138889;;;;;;;;;;;;;;
KENNEDY;2014-09-17;;35.24999999;;;;;;;;;;;;;;
KENNEDY;2014-09-16;;28.11111111;;;;;;;;;;;;;;
KENNEDY;2014-09-15;;23.78787879;;;;;;;;;;;;;;
KENNEDY;2014-09-14;;13.61111112;;;;;;;;;;;;;;
KENNEDY;2014-09-13;;18.23611111;;;;;;;;;;;;;;
KENNEDY;2014-09-12;;20.59722223;;;;;;;;;;;;;;
KENNEDY;2014-09-11;;28.65972223;;;;;;;;;;;;;;
KENNEDY;2014-09-10;;36.01527778;;;;;;;;;;;;;;
KENNEDY;2014-09-09;;25.22916668;;;;;;;;;;;;;;
KENNEDY;2014-09-08;;22.78472222;;;;;;;;;;;;;;
KENNEDY;2014-09-07;;14.7986111;;;;;;;;;;;;;;
KENNEDY;2014-09-06;;22.9513889;;;;;;;;;;;;;;
KENNEDY;2014-09-05;;30.65972222;;;;;;;;;;;;;;
KENNEDY;2014-09-04;;20.625;;;;;;;;;;;;;;
KENNEDY;2014-09-03;;29.37499999;;;;;;;;;;;;;;
KENNEDY;2014-09-02;;40.59722223;;;;;;;;;;;;;;
KENNEDY;2014-09-01;;19.88888889;;;;;;;;;;;;;;
KENNEDY;2014-08-31;;17.6031746;;;;;;;;;;;;;;
KENNEDY;2014-08-30;;32.80555555;;;;;;;;;;;;;;
KENNEDY;2014-08-29;;24.00000001;;;;;;;;;;;;;;
KENNEDY;2014-08-28;;32.56818182;;;;;;;;;;;;;;
KENNEDY;2014-08-27;;25.08333333;;;;;;;;;;;;;;
KENNEDY;2014-08-26;;20.72222222;;;;;;;;;;;;;;
KENNEDY;2014-08-25;;21.58333333;;;;;;;;;;;;;;
KENNEDY;2014-08-24;;28.19298246;;;;;;;;;;;;;;
KENNEDY;2014-08-23;;31.5625;;;;;;;;;;;;;;
KENNEDY;2014-08-22;;36.00694444;;;;;;;;;;;;;;
KENNEDY;2014-08-21;;39.25694445;;;;;;;;;;;;;;
KENNEDY;2014-08-20;;34.4375;;;;;;;;;;;;;;
KENNEDY;2014-08-19;;22.08333333;;;;;;;;;;;;;;
KENNEDY;2014-08-18;;11.22222221;;;;;;;;;;;;;;
KENNEDY;2014-08-17;;14.8263889;;;;;;;;;;;;;;
KENNEDY;2014-08-16;;21.08333334;;;;;;;;;;;;;;
KENNEDY;2014-08-15;;20.54166666;;;;;;;;;;;;;;
KENNEDY;2014-08-14;;19.27777778;;;;;;;;;;;;;;
KENNEDY;2014-08-13;;18.36666666;;;;;;;;;;;;;;
KENNEDY;2014-08-10;;14.75;;;;;;;;;;;;;;
KENNEDY;2014-08-09;;21.4375;;;;;;;;;;;;;;
KENNEDY;2014-08-08;;24.02777778;;;;;;;;;;;;;;
KENNEDY;2014-08-07;;16.60416666;;;;;;;;;;;;;;
KENNEDY;2014-08-06;;20.14583333;;;;;;;;;;;;;;
KENNEDY;2014-08-05;;30.94444445;;;;;;;;;;;;;;
KENNEDY;2014-08-04;;29.10416666;;;;;;;;;;;;;;
KENNEDY;2014-08-03;;20.52777778;;;;;;;;;;;;;;
KENNEDY;2014-08-02;;17.3125;;;;;;;;;;;;;;
KENNEDY;2014-08-01;;19.45454545;;;;;;;;;;;;;;
KENNEDY;2014-07-31;;22.25;;;;;;;;;;;;;;
KENNEDY;2014-07-30;;13.68518518;;;;;;;;;;;;;;
KENNEDY;2014-07-08;;19.1969697;;;;;;;;;;;;;;
KENNEDY;2014-07-07;;21.19696971;;;;;;;;;;;;;;
KENNEDY;2014-07-04;;33.39999999;;;;;;;;;;;;;;
KENNEDY;2014-07-03;;24.62499999;;;;;;;;;;;;;;
KENNEDY;2014-07-02;;17.53472223;;;;;;;;;;;;;;
KENNEDY;2014-07-01;;18.0625;;;;;;;;;;;;;;
KENNEDY;2014-06-30;;16.04166666;;;;;;;;;;;;;;
KENNEDY;2014-06-29;;12.86111111;;;;;;;;;;;;;;
KENNEDY;2014-06-28;;36.54166667;;;;;;;;;;;;;;
KENNEDY;2014-06-27;;59.50694444;;;;;;;;;;;;;;
KENNEDY;2014-06-26;;29.93055554;;;;;;;;;;;;;;
KENNEDY;2014-06-25;;22.9375;;;;;;;;;;;;;;
KENNEDY;2014-06-24;;21.39583333;;;;;;;;;;;;;;
KENNEDY;2014-06-23;;18.18985508;;;;;;;;;;;;;;
KENNEDY;2014-06-22;;13.49305556;;;;;;;;;;;;;;
KENNEDY;2014-06-21;;20.13888889;;;;;;;;;;;;;;
KENNEDY;2014-06-20;;17.04166667;;;;;;;;;;;;;;
KENNEDY;2014-06-19;;16.78472222;;;;;;;;;;;;;;
KENNEDY;2014-06-18;;20.6111111;;;;;;;;;;;;;;
KENNEDY;2014-06-17;;19.10416667;;;;;;;;;;;;;;
KENNEDY;2014-06-16;;14.26388888;;;;;;;;;;;;;;
KENNEDY;2014-06-15;;10.14583333;;;;;;;;;;;;;;
KENNEDY;2014-06-14;;18.54166667;;;;;;;;;;;;;;
KENNEDY;2014-06-13;;22.44444445;;;;;;;;;;;;;;
KENNEDY;2014-06-12;;23.0;;;;;;;;;;;;;;
KENNEDY;2014-06-11;;26.34722223;;;;;;;;;;;;;;
KENNEDY;2014-06-10;;24.97916666;;;;;;;;;;;;;;
KENNEDY;2014-06-09;;26.65972223;;;;;;;;;;;;;;
KENNEDY;2014-06-08;;19.97916667;;;;;;;;;;;;;;
KENNEDY;2014-06-07;;22.32638889;;;;;;;;;;;;;;
KENNEDY;2014-06-06;;28.40972223;;;;;;;;;;;;;;
KENNEDY;2014-06-05;;25.78472223;;;;;;;;;;;;;;
KENNEDY;2014-06-04;;29.13194443;;;;;;;;;;;;;;
KENNEDY;2014-06-03;;30.68055556;;;;;;;;;;;;;;
KENNEDY;2014-06-02;;17.60416667;;;;;;;;;;;;;;
KENNEDY;2014-06-01;;16.94444445;;;;;;;;;;;;;;
KENNEDY;2014-05-31;;23.9375;;;;;;;;;;;;;;
KENNEDY;2014-05-30;;45.22222221;;;;;;;;;;;;;;
KENNEDY;2014-05-29;;25.59848485;;;;;;;;;;;;;;
KENNEDY;2014-05-28;;26.93055555;;;;;;;;;;;;;;
KENNEDY;2014-05-27;;35.74305556;;;;;;;;;;;;;;
KENNEDY;2014-05-26;;40.68939395;;;;;;;;;;;;;;
KENNEDY;2014-05-25;;25.86111112;;;;;;;;;;;;;;
KENNEDY;2014-05-24;;34.02083333;;;;;;;;;;;;;;
KENNEDY;2014-05-23;;38.38333334;;;;;;;;;;;;;;
KENNEDY;2014-05-22;;29.19444444;;;;;;;;;;;;;;
KENNEDY;2014-05-21;;42.58333333;;;;;;;;;;;;;;
KENNEDY;2014-05-20;;23.16666667;;;;;;;;;;;;;;
KENNEDY;2014-05-19;;27.50694444;;;;;;;;;;;;;;
KENNEDY;2014-05-18;;28.22916665;;;;;;;;;;;;;;
KENNEDY;2014-05-17;;49.88194445;;;;;;;;;;;;;;
KENNEDY;2014-05-16;;41.34722223;;;;;;;;;;;;;;
KENNEDY;2014-05-15;;41.27272728;;;;;;;;;;;;;;
KENNEDY;2014-05-14;;26.17500001;;;;;;;;;;;;;;
KENNEDY;2014-05-13;;30.09722221;;;;;;;;;;;;;;
KENNEDY;2014-05-12;;35.37121212;;;;;;;;;;;;;;
KENNEDY;2014-05-11;;19.81944445;;;;;;;;;;;;;;
KENNEDY;2014-05-10;;21.6388889;;;;;;;;;;;;;;
KENNEDY;2014-05-09;;23.31944445;;;;;;;;;;;;;;
KENNEDY;2014-05-08;;29.09027778;;;;;;;;;;;;;;
KENNEDY;2014-05-07;;34.58333334;;;;;;;;;;;;;;
KENNEDY;2014-05-06;;35.22916666;;;;;;;;;;;;;;
KENNEDY;2014-05-05;;36.77777779;;;;;;;;;;;;;;
KENNEDY;2014-05-04;;32.38888889;;;;;;;;;;;;;;
KENNEDY;2014-05-03;;28.26388889;;;;;;;;;;;;;;
KENNEDY;2014-05-02;;28.53472222;;;;;;;;;;;;;;
KENNEDY;2014-05-01;;23.07638889;;;;;;;;;;;;;;
KENNEDY;2014-04-30;;33.21527778;;;;;;;;;;;;;;
KENNEDY;2014-04-29;;26.97916667;;;;;;;;;;;;;;
KENNEDY;2014-04-28;;30.00694445;;;;;;;;;;;;;;
KENNEDY;2014-04-27;;27.40277778;;;;;;;;;;;;;;
KENNEDY;2014-04-26;;29.54166666;;;;;;;;;;;;;;
KENNEDY;2014-04-25;;28.2013889;;;;;;;;;;;;;;
KENNEDY;2014-04-24;;27.45833333;;;;;;;;;;;;;;
KENNEDY;2014-04-23;;31.93939395;;;;;;;;;;;;;;
KENNEDY;2014-04-22;;36.46527778;;;;;;;;;;;;;;
KENNEDY;2014-04-21;;30.8125;;;;;;;;;;;;;;
KENNEDY;2014-04-20;;14.67424243;;;;;;;;;;;;;;
KENNEDY;2014-04-19;;17.22222222;;;;;;;;;;;;;;
KENNEDY;2014-04-18;;16.0;;;;;;;;;;;;;;
KENNEDY;2014-04-17;;18.5625;;;;;;;;;;;;;;
KENNEDY;2014-04-16;;29.93055555;;;;;;;;;;;;;;
KENNEDY;2014-04-15;;43.03623188;;;;;;;;;;;;;;
KENNEDY;2014-04-14;;44.68939395;;;;;;;;;;;;;;
KENNEDY;2014-04-13;;33.90972222;;;;;;;;;;;;;;
KENNEDY;2014-04-12;;37.4375;;;;;;;;;;;;;;
KENNEDY;2014-04-11;;44.90972221;;;;;;;;;;;;;;
KENNEDY;2014-04-10;;43.70138889;;;;;;;;;;;;;;
KENNEDY;2014-04-09;;33.67361111;;;;;;;;;;;;;;
KENNEDY;2014-04-08;;33.46527778;;;;;;;;;;;;;;
KENNEDY;2014-04-07;;24.75641026;;;;;;;;;;;;;;
KENNEDY;2014-04-06;;16.38194444;;;;;;;;;;;;;;
KENNEDY;2014-04-05;;30.6875;;;;;;;;;;;;;;
KENNEDY;2014-04-04;;36.47222222;;;;;;;;;;;;;;
KENNEDY;2014-04-03;;37.52083333;;;;;;;;;;;;;;
KENNEDY;2014-04-02;;41.79166668;;;;;;;;;;;;;;
KENNEDY;2014-04-01;;55.00724638;;;;;;;;;;;;;;
KENNEDY;2014-03-31;;67.59722222;;;;;;;;;;;;;;
KENNEDY;2014-03-30;;57.4236111;;;;;;;;;;;;;;
KENNEDY;2014-03-29;;62.29861112;;;;;;;;;;;;;;
KENNEDY;2014-03-28;;53.00694443;;;;;;;;;;;;;;
KENNEDY;2014-03-27;;43.31944445;;;;;;;;;;;;;;
KENNEDY;2014-03-26;;36.25694444;;;;;;;;;;;;;;
KENNEDY;2014-03-25;;33.75694445;;;;;;;;;;;;;;
KENNEDY;2014-03-24;;35.06944445;;;;;;;;;;;;;;
KENNEDY;2014-03-23;;32.59027778;;;;;;;;;;;;;;
KENNEDY;2014-03-22;;40.5;;;;;;;;;;;;;;
KENNEDY;2014-03-21;;39.43181818;;;;;;;;;;;;;;
KENNEDY;2014-03-20;;33.02777778;;;;;;;;;;;;;;
KENNEDY;2014-03-19;;46.41666667;;;;;;;;;;;;;;
KENNEDY;2014-03-18;;45.72222223;;;;;;;;;;;;;;
KENNEDY;2014-03-17;;41.75;;;;;;;;;;;;;;
KENNEDY;2014-03-16;;47.24305556;;;;;;;;;;;;;;
KENNEDY;2014-03-15;;47.65972223;;;;;;;;;;;;;;
KENNEDY;2014-03-14;;45.02083335;;;;;;;;;;;;;;
KENNEDY;2014-03-13;;42.9;;;;;;;;;;;;;;
KENNEDY;2014-03-12;;38.41666667;;;;;;;;;;;;;;
KENNEDY;2014-03-11;;29.92592593;;;;;;;;;;;;;;
KENNEDY;2014-03-10;;18.91666665;;;;;;;;;;;;;;
KENNEDY;2014-03-09;;27.23611111;;;;;;;;;;;;;;
KENNEDY;2014-03-08;;31.41666668;;;;;;;;;;;;;;
KENNEDY;2014-03-07;;57.42361111;;;;;;;;;;;;;;
KENNEDY;2014-03-06;;46.20138888;;;;;;;;;;;;;;
KENNEDY;2014-03-05;;45.95833333;;;;;;;;;;;;;;
KENNEDY;2014-03-04;;32.36111111;;;;;;;;;;;;;;
KENNEDY;2014-03-03;;32.2986111;;;;;;;;;;;;;;
KENNEDY;2014-03-02;;21.04545455;;;;;;;;;;;;;;
KENNEDY;2014-03-01;;25.80555555;;;;;;;;;;;;;;
KENNEDY;2014-02-28;;31.52777778;;;;;;;;;;;;;;
KENNEDY;2014-02-27;;39.36363635;;;;;;;;;;;;;;
KENNEDY;2014-02-26;;38.23611111;;;;;;;;;;;;;;
KENNEDY;2014-02-25;;47.36805555;;;;;;;;;;;;;;
KENNEDY;2014-02-24;;48.88636364;;;;;;;;;;;;;;
KENNEDY;2014-02-23;;41.49305555;;;;;;;;;;;;;;
KENNEDY;2014-02-22;;43.28472223;;;;;;;;;;;;;;
KENNEDY;2014-02-21;;41.11111112;;;;;;;;;;;;;;
KENNEDY;2014-02-20;;44.68055555;;;;;;;;;;;;;;
KENNEDY;2014-02-19;;36.66666667;;;;;;;;;;;;;;
KENNEDY;2014-02-18;;37.29545456;;;;;;;;;;;;;;
KENNEDY;2014-02-17;;45.30555555;;;;;;;;;;;;;;
KENNEDY;2014-02-16;;45.72916667;;;;;;;;;;;;;;
KENNEDY;2014-02-15;;42.65151515;;;;;;;;;;;;;;
KENNEDY;2014-02-14;;45.85416667;;;;;;;;;;;;;;
KENNEDY;2014-02-13;;50.59027778;;;;;;;;;;;;;;
KENNEDY;2014-02-12;;40.3125;;;;;;;;;;;;;;
KENNEDY;2014-02-11;;29.41666667;;;;;;;;;;;;;;
KENNEDY;2014-02-10;;34.59722222;;;;;;;;;;;;;;
KENNEDY;2014-02-09;;28.875;;;;;;;;;;;;;;
KENNEDY;2014-02-08;;31.74305556;;;;;;;;;;;;;;
KENNEDY;2014-02-07;;53.39682539;;;;;;;;;;;;;;
KENNEDY;2014-02-06;;46.59722223;;;;;;;;;;;;;;
KENNEDY;2014-02-05;;42.54166667;;;;;;;;;;;;;;
KENNEDY;2014-02-04;;48.05555556;;;;;;;;;;;;;;
KENNEDY;2014-02-03;;40.8560606;;;;;;;;;;;;;;
KENNEDY;2014-02-02;;37.76388888;;;;;;;;;;;;;;
KENNEDY;2014-02-01;;40.55555555;;;;;;;;;;;;;;
KENNEDY;2014-01-31;;37.24242425;;;;;;;;;;;;;;
KENNEDY;2014-01-30;;41.91666666;;;;;;;;;;;;;;
KENNEDY;2014-01-29;;33.25694444;;;;;;;;;;;;;;
KENNEDY;2014-01-28;;36.83333333;;;;;;;;;;;;;;
KENNEDY;2014-01-27;;36.97222223;;;;;;;;;;;;;;
KENNEDY;2014-01-26;;30.86805556;;;;;;;;;;;;;;
KENNEDY;2014-01-25;;37.49999999;;;;;;;;;;;;;;
KENNEDY;2014-01-24;;48.64583333;;;;;;;;;;;;;;
KENNEDY;2014-01-23;;40.73611112;;;;;;;;;;;;;;
KENNEDY;2014-01-22;;42.19444445;;;;;;;;;;;;;;
KENNEDY;2014-01-21;;39.11805555;;;;;;;;;;;;;;
KENNEDY;2014-01-20;;23.81944444;;;;;;;;;;;;;;
KENNEDY;2014-01-19;;14.36805555;;;;;;;;;;;;;;
KENNEDY;2014-01-18;;23.06249999;;;;;;;;;;;;;;
KENNEDY;2014-01-17;;34.86231883;;;;;;;;;;;;;;
KENNEDY;2014-01-16;;43.91666667;;;;;;;;;;;;;;
KENNEDY;2014-01-15;;42.03472223;;;;;;;;;;;;;;
KENNEDY;2014-01-14;;40.23611111;;;;;;;;;;;;;;
KENNEDY;2014-01-13;;38.15972222;;;;;;;;;;;;;;
KENNEDY;2014-01-12;;43.0;;;;;;;;;;;;;;
KENNEDY;2014-01-11;;44.00138889;;;;;;;;;;;;;;
KENNEDY;2014-01-10;;41.80555556;;;;;;;;;;;;;;
KENNEDY;2014-01-09;;34.86111112;;;;;;;;;;;;;;
KENNEDY;2014-01-08;;32.63194445;;;;;;;;;;;;;;
KENNEDY;2014-01-07;;33.76153847;;;;;;;;;;;;;;
KENNEDY;2014-01-05;;24.24999999;;;;;;;;;;;;;;
KENNEDY;2014-01-04;;22.25694444;;;;;;;;;;;;;;
KENNEDY;2014-01-03;;16.29166666;;;;;;;;;;;;;;
KENNEDY;2014-01-02;;22.73148149;;;;;;;;;;;;;;
KENNEDY;2014-01-01;;27.09027778;;;;;;;;;;;;;;
